id,score
10942,0.05698717651573998
10943,0.012198748648715958
10944,0.6148578931967968
10945,0.9998879717087364
10946,0.9935973824709616
10947,0.45458048576459126
10948,0.5921597442924735
10949,0.8850448317847727
10950,0.9963118667780325
10951,0.024149213571402726
10952,0.9955950760580103
10953,0.9774628810157903
10954,0.9955927766865162
10955,0.8669083295570884
10956,0.7332691069965108
10957,0.01247170100572298
10958,0.9994845672426473
10959,0.9999953300845105
10960,0.9994717771154241
10961,0.01815142077871024
10962,0.9997643190162621
10963,0.6940461705362404
10964,0.9999992811586418
10965,0.7567465773950822
10966,0.9333104757452415
10967,0.9377263430956652
10968,0.998077541023621
10969,0.9781197101606411
10970,0.0008940749350406505
10971,0.9996681215503953
10972,0.02435405586751471
10973,0.9637350512676007
10974,0.005700266920067476
10975,0.9992903576747155
10976,0.9999991071936103
10977,0.0017686276922600876
10978,0.9191915614741092
10979,0.9580422955334241
10980,0.9891455227609383
10981,0.999999518211056
10982,0.8123218812281939
10983,0.20391050217433898
10984,0.9999164126341045
10985,0.9567570412575361
10986,0.9976940750338191
10987,0.2718328388209651
10988,0.8249100344790081
10989,0.5630018724122555
10990,0.5743397376522315
10991,0.9898426307372262
10992,0.00023631073282645384
10993,0.08471091122182835
10994,0.034171244415886794
10995,0.995728706782748
10996,0.9999999962072614
10997,0.9994231689599433
10998,0.0006444020448512838
10999,0.9998577663590064
11000,0.9912761451869663
11001,0.16370024396904118
11002,0.5328696308906731
11003,0.5728468044595877
11004,0.03243902281489492
11005,0.014506670171054085
11006,0.002651670449190035
11007,0.00382257568240503
11008,0.8566672552514177
11009,0.05082875317426337
11010,0.9997692738102036
11011,0.23795593078827246
11012,0.9587927385497844
11013,0.2287362740998151
11014,0.8899415312041192
11015,0.9999923059945051
11016,0.9437565131724942
11017,0.9998500623160131
11018,0.9987542746777768
11019,0.5244758367845526
11020,0.9622513713802423
11021,0.8491309980001482
11022,0.17766647870302335
11023,0.9993918931131425
11024,0.6794305856188991
11025,0.7452965912396923
11026,0.9742548070577405
11027,0.9981231160914557
11028,0.013910923986468812
11029,0.9999832717459657
11030,0.9386478013247801
11031,0.9787821648712507
11032,0.17437308242045782
11033,0.999998510970379
11034,0.9709959866941034
11035,0.9987729953906522
11036,0.9174489202173314
11037,0.9833585525810875
11038,0.04533031495805682
11039,0.9642715453334297
11040,0.05834226474666123
11041,0.9367092760100335
11042,0.9380418840529144
11043,0.09025727850349467
11044,0.9999784594199626
11045,0.21760038098433468
11046,0.010098642314993519
11047,0.17785196763931618
11048,0.999014653132803
11049,0.8961311501757814
11050,0.0004912260398846279
11051,0.9973159991045938
11052,0.8756209938981095
11053,0.9951046344133831
11054,0.9913216709459479
11055,0.02090824591063074
11056,0.9977665235767561
11057,0.008871085449632563
11058,0.9992123203260561
11059,0.8496539922289257
11060,0.9910908696157847
11061,0.9050140524600148
11062,0.13689946113003998
11063,0.9997022374601774
11064,0.8152886627268527
11065,0.9999952094507742
11066,0.853100260832458
11067,0.9998192412258219
11068,0.9996570449952363
11069,0.9989351652075034
11070,0.08001454956448185
11071,0.9919364103674558
11072,0.861418965129375
11073,0.008385601164588065
11074,0.8044349593296979
11075,0.9640604838542197
11076,0.9937241964794806
11077,0.6668120220157608
11078,0.014401517940658881
11079,0.9999866644152209
11080,0.6288119874904043
11081,0.9995740960844516
11082,0.9999689260564555
11083,0.0018113412399696244
11084,0.9995289299763831
11085,0.007500358883032225
11086,0.030016778526413688
11087,0.8014396019365634
11088,0.9999842152376737
11089,0.09192376388778323
11090,0.30368398554959003
11091,0.9964611582088173
11092,0.004559086685983326
11093,0.9967526712323951
11094,0.9996898181597462
11095,0.9984701037740724
11096,0.052846202277034515
11097,0.9724580516772772
11098,0.050725647853170165
11099,0.5425326171255409
11100,0.8968457094907472
11101,0.5319269548238876
11102,0.994709094817272
11103,0.09135822785974132
11104,0.0007949141740747434
11105,0.9531738995567873
11106,0.9993402321147409
11107,0.7565836555441491
11108,0.9999655689838773
11109,0.9645025594022941
11110,0.22599993776013153
11111,3.984318771506041e-06
11112,0.999932932237524
11113,0.20170586810651184
11114,0.9983667084515817
11115,0.9318356322116244
11116,0.9995292263849772
11117,0.999743243933834
11118,0.9993244107367985
11119,0.38332349583959374
11120,0.9790361166756008
11121,0.9999302573852895
11122,0.9995545339788724
11123,0.0030240859736433293
11124,0.9116692234856231
11125,0.03369422529584581
11126,2.3822516384856673e-07
11127,0.9999792022548227
11128,0.9974845563917033
11129,0.9972571810093316
11130,0.006549766910594918
11131,0.08725208769107767
11132,0.07753226744628604
11133,0.9994085348598655
11134,0.00020208205797070454
11135,0.15807502234668838
11136,0.9997662892518296
11137,0.0184052646256771
11138,0.7887366479786074
11139,0.41898578951481397
11140,0.013038526059326804
11141,0.8506951674110429
11142,0.0006410714951945583
11143,0.6747741396852591
11144,0.9649605217261392
11145,0.9999651936111613
11146,0.0001309588217369662
11147,0.9973793498290332
11148,0.891013501277324
11149,0.8945291978263404
11150,0.9930454741197654
11151,0.9967046717302409
11152,0.9455800465815252
11153,0.9949518971890704
11154,0.9996077508477662
11155,0.442582687085611
11156,0.9527798285035508
11157,0.9970509540370273
11158,0.9628040706169135
11159,0.9979929318635836
11160,0.07479758334099045
11161,0.013864186716268457
11162,0.9721212731069843
11163,0.8673710708710395
11164,0.9986297949626645
11165,0.9996145166520289
11166,0.9815947383934571
11167,0.9888277502485879
11168,0.7401285777264114
11169,0.001887150525912256
11170,0.6831488374094133
11171,0.26122375729965397
11172,0.8137919506811337
11173,0.928543957569838
11174,0.866585263253286
11175,0.06946496008755149
11176,0.9996938605052534
11177,0.04975448494653642
11178,0.9968744516354787
11179,0.9979686228414277
11180,0.999079160657523
11181,0.9999965756637285
11182,0.37073625850362185
11183,0.9999816925667674
11184,0.930283353929216
11185,0.6007362161166695
11186,0.9989409399320274
11187,0.9999543227791705
11188,0.014227676674764171
11189,0.020829564227881056
11190,0.9996637945415588
11191,0.6899633584716461
11192,0.31175113557858514
11193,0.9999985128301777
11194,0.995680846420607
11195,0.010685897881487477
11196,0.961230796119715
11197,0.9926506462472132
11198,0.07001039849737836
11199,0.9506913678323718
11200,0.005068282107883425
11201,0.8627459935106223
11202,0.04566050320724908
11203,0.9097382126490209
11204,0.05630079132329238
11205,0.19837130401302142
11206,0.9995993418002359
11207,0.9132133107775936
11208,0.9992237977269288
11209,0.15231782667250074
11210,0.8074434938749628
11211,0.00950378231014652
11212,0.999253711172815
11213,0.9999797292415158
11214,0.8496336169309631
11215,0.961826344409734
11216,0.8664939302644864
11217,0.9998486527343853
11218,0.9996461275624058
11219,0.003764286220728501
11220,0.9526913997814591
11221,0.0014509492297444687
11222,0.9157150647540275
11223,0.9999998349193576
11224,0.9536394892222477
11225,0.9999663124999264
11226,0.9998889171110326
11227,0.9699520616044645
11228,9.861425387684957e-06
11229,0.9999991388006111
11230,0.5403582924207074
11231,0.998353545665551
11232,0.9804061393218495
11233,0.06725296725847583
11234,0.9854197335506787
11235,0.001964170685039107
11236,0.8363461937004069
11237,0.9946666197904094
11238,0.2459754749973618
11239,0.03053386286150336
11240,0.05511200143651532
11241,0.9068629480193333
11242,0.0907115116003562
11243,0.9995574715503011
11244,0.8540712348274229
11245,0.9647072457908963
11246,0.7788635338563938
11247,0.9447298877464523
11248,0.9975858034832902
11249,0.25724001092226595
11250,0.9612345764987572
11251,0.8336236484613305
11252,0.9951797679198329
11253,0.5658273144997737
11254,0.9569403814664174
11255,0.025300229312109818
11256,0.9467319900709681
11257,0.5664752990566475
11258,0.9750402927369048
11259,0.0014520103697663162
11260,0.35566303823733003
11261,0.9999999137742451
11262,0.18819895464910566
11263,0.9899837028403029
11264,0.26761946770465184
11265,7.557232505400025e-05
11266,0.98771380141409
11267,0.9976855554482154
11268,0.9951442149529736
11269,0.9999998435550366
11270,0.9907362325204253
11271,0.2949372836684631
11272,0.6559598364437552
11273,0.9977953884771664
11274,0.9995571431206264
11275,0.9992581145062625
11276,0.974731679068721
11277,0.28881598283098875
11278,0.46765786531949555
11279,0.9994367516231543
11280,0.9916311199887609
11281,0.6053566010798375
11282,0.7001238516604752
11283,0.004202702084123229
11284,0.9932996627064552
11285,0.9999985366644788
11286,0.9995171480711503
11287,5.8858662752185815e-06
11288,0.9759961142201047
11289,0.06170392252655409
11290,0.8945832555578787
11291,0.9331104608243234
11292,0.16431972716105678
11293,0.9999976410013685
11294,0.02944247333663885
11295,0.9929825931282695
11296,0.9752851901342499
11297,0.5218228163625556
11298,0.9981644137673934
11299,0.9938296093070049
11300,0.003306261914051423
11301,0.8183451763723344
11302,0.8106221175320938
11303,0.05062278037231474
11304,0.0888797890794955
11305,0.9978897670671116
11306,0.7807124455881154
11307,0.9172494086631445
11308,0.8661504081655478
11309,0.7904806193734139
11310,0.8317336620708431
11311,0.08052508496885749
11312,0.9936104034409067
11313,0.5292025081319015
11314,0.998830149588686
11315,0.2493422981895681
11316,0.00018233328022496865
11317,0.9996230506636985
11318,0.9583132670378731
11319,0.6183594678520838
11320,0.16164771496308206
11321,0.8700661203962039
11322,0.9972064903298306
11323,0.0026051430150616658
11324,0.822226359429265
11325,0.6122121086974487
11326,0.9974053625349182
11327,0.9992683455493786
11328,0.011551050521812541
11329,0.3030503221886467
11330,0.0009571979917115035
11331,0.638215181998837
11332,0.9516158929925523
11333,0.8529295424995318
11334,0.795164770744089
11335,0.8169314008003083
11336,0.9053506605972669
11337,0.9982139419325317
11338,0.7704720682361632
11339,0.9997073175053013
11340,0.015423396017955929
11341,0.9999989340049192
11342,0.2686834609902358
11343,0.9942904903638584
11344,0.0503774035634535
11345,0.9944909954721433
11346,0.009021982028269598
11347,0.013280310076748746
11348,0.9609937706626003
11349,0.010600729581052754
11350,0.9999983863449518
11351,0.977756346045843
11352,0.23021510390408018
11353,0.9999999983850747
11354,0.998737373981734
11355,0.9902617609827356
11356,0.06899598497030222
11357,0.9992234455022646
11358,0.9201883435302672
11359,0.9999891744545094
11360,0.9999770077860282
11361,0.9842437628368672
11362,0.009832078741934399
11363,0.9996630919951124
11364,0.9884714953283646
11365,0.12339936137666564
11366,0.9985304791500635
11367,0.9359175555303473
11368,0.5375773805032318
11369,0.9353826519914491
11370,0.9655654017860439
11371,0.010095826171372791
11372,0.05076148761225567
11373,0.999725944267428
11374,0.9999323941457852
11375,0.856181210498327
11376,0.9130309272449489
11377,0.925395275930111
11378,0.240916868633437
11379,0.4371680591176907
11380,0.9986589981232865
11381,0.9292274572189421
11382,0.009820420597109187
11383,0.03453040423219132
11384,0.9993823402880911
11385,0.8254421681600504
11386,0.05708970279843311
11387,0.9656359289438519
11388,0.9999962631108263
11389,0.019912495924586212
11390,0.22064035663102033
11391,0.7364613297182265
11392,0.9962946647580605
11393,0.998732583902013
11394,8.223667128417731e-08
11395,0.37522082985153904
11396,0.7233493431278862
11397,0.6222012145293385
11398,0.03186931999848476
11399,0.89061049827348
11400,0.9937218870566954
11401,0.12016008536211985
11402,0.9999997807696436
11403,0.14652204411663916
11404,0.9999998367575214
11405,0.091521211530285
11406,0.9999884210937643
11407,0.13169780283164248
11408,0.01591675119209071
11409,0.9741629786939566
11410,0.017912161154504544
11411,0.9177687628812272
11412,0.8597565559530407
11413,0.9589438336753608
11414,0.9947533752465797
11415,0.9176399848954543
11416,0.9998965847076354
11417,0.9966460408753138
11418,0.622672379921377
11419,0.979192555035818
11420,0.9924773463292871
11421,0.9635192825247971
11422,0.4495275016499874
11423,0.9799651041541043
11424,0.0923683425447815
11425,0.9975388201130373
11426,0.03962984605466851
11427,0.7248991443747081
11428,0.9241082880355632
11429,0.9590953315394024
11430,0.0023860453612146648
11431,0.16212157362008606
11432,0.23566278323231105
11433,0.7908623879267
11434,0.999997174884859
11435,0.9949638805131195
11436,0.9999943154421085
11437,0.9595512073363158
11438,0.9859803050341643
11439,0.33462520047632094
11440,0.9388091931474826
11441,0.9553628716105317
11442,0.9997291588502655
11443,0.4941806665204271
11444,0.9774238127591456
11445,0.9921744129976084
11446,0.9753094747601039
11447,0.012974297236038847
11448,0.2280403099324029
11449,0.9936646488812143
11450,0.010844113573106441
11451,0.08108064060075103
11452,0.8999590560662485
11453,0.9975464658986454
11454,0.9999844185433788
11455,0.15385601326496604
11456,0.9984086140927082
11457,0.8521744572316416
11458,0.9529567921581333
11459,0.10700826627926414
11460,0.9836974011551669
11461,0.9999536087436488
11462,0.9843650535814212
11463,0.20458268799075885
11464,0.8184670958812202
11465,0.22965788690058364
11466,0.17876801453684102
11467,0.9986047284675553
11468,0.045198167945717016
11469,0.5254361866192874
11470,0.21467994257114822
11471,0.3885861682563933
11472,0.1737320244207555
11473,0.940578559015502
11474,0.019636244283530734
11475,0.21326502510083584
11476,0.5528458631661725
11477,0.06094786557842983
11478,0.07864428788367289
11479,0.9982897207826747
11480,0.008254561275183741
11481,0.9931287830927603
11482,0.9075466763480072
11483,0.46616217495367057
11484,0.3046691028674426
11485,0.2256988939557913
11486,0.8918924773684686
11487,0.999999973258695
11488,0.5996483231105942
11489,0.9593910910663475
11490,0.9991470387363254
11491,0.00880895469329469
11492,0.8355771864340445
11493,0.9861681385057492
11494,0.04252896399388027
11495,0.9992003539752337
11496,0.9999488638901125
11497,0.9728582529404608
11498,0.9999999999923823
11499,0.986770893302629
11500,0.9118672581806813
11501,0.9999333924708667
11502,0.32881581157166245
11503,0.9999350054947183
11504,0.9847091454575243
11505,0.9037831450688728
11506,0.37277301332632723
11507,0.053213561516466716
11508,0.9999832764091916
11509,0.001984007818305588
11510,0.3015688524619996
11511,0.9354355379907193
11512,0.06902205497072549
11513,0.7102223751578122
11514,0.012147760676706037
11515,0.9858693644535913
11516,0.29325405338324556
11517,0.9994543922421391
11518,0.48052654224191865
11519,0.0382654821631484
11520,0.4791714445879817
11521,0.10491012344482009
11522,0.9999857021002463
11523,0.10262123188432604
11524,0.9759733434676104
11525,0.7516660449644725
11526,0.9940299348966699
11527,0.16324258664361654
11528,0.8814847124635874
11529,0.9996664422931805
11530,0.9999949942514265
11531,0.9945979575998943
11532,0.2927071461744556
11533,0.8289660150630087
11534,0.9789728879621894
11535,0.9983377574366018
11536,0.7172659404171295
11537,0.0005387078171132835
11538,0.041925622575465164
11539,0.999965225735439
11540,0.35508209784413125
11541,0.999964768374333
11542,0.09408316690032767
11543,0.981976832642085
11544,0.8768133142301504
11545,0.9626649440219758
11546,0.2577168220224026
11547,0.004699062793009664
11548,0.9981265738335853
11549,0.9974320053290333
11550,0.0023244750731566365
11551,0.9999951718934585
11552,0.9515963786208648
11553,0.044200546708980076
11554,0.9990707218420947
11555,0.05243583702014944
11556,0.05540123861657636
11557,0.08990946151146083
11558,0.00017152802508170513
11559,0.9860802060598957
11560,0.9907062007645838
11561,0.36142824456897715
11562,0.9963396485903755
11563,0.9262138012705868
11564,0.9575216998322883
11565,0.9921840369071051
11566,0.0031287053339677366
11567,0.025176807829718584
11568,0.9660633229970509
11569,0.9004881960237542
11570,0.002245973276163118
11571,0.7085194109640062
11572,0.9858507160607682
11573,0.8350042306870068
11574,0.014573277953209098
11575,0.9440679036408652
11576,0.0075707560348234285
11577,0.08055128826344121
11578,0.9962254379136873
11579,0.9999911897201224
11580,0.968168416016034
11581,0.9508890369128801
11582,0.9999693455848176
11583,0.7047654025232796
11584,0.07495266467745165
11585,0.11273301632998582
11586,0.18257822961712258
11587,0.9999981157155318
11588,0.7319808176342364
11589,0.9999853594717053
11590,0.9907718559775678
11591,0.007669659307112038
11592,0.005156977724638883
11593,0.9918224212755377
11594,0.9999155867538061
11595,0.8731843836288463
11596,0.7077538129015517
11597,0.03903711637470877
11598,0.7497201367973244
11599,0.06676356790749491
11600,0.9999999999971347
11601,0.9970725448496296
11602,0.03630708514912814
11603,0.06438335065156983
11604,0.9999494499689029
11605,0.9649740407938519
11606,0.11946976833602656
11607,0.9855902761133464
11608,0.9999999969452182
11609,0.9081547434361368
11610,0.9926500665696418
11611,0.013192444903957577
11612,0.6988903317411174
11613,0.9926799260908211
11614,0.657926670604467
11615,0.9999999581512589
11616,0.013853413976024255
11617,0.9992606260528579
11618,0.03456261102727826
11619,1.9487337382486503e-05
11620,0.0994565469149674
11621,0.6682947325312132
11622,0.9994260307937403
11623,0.0038843545004139395
11624,0.999992979968945
11625,0.9977036247709721
11626,0.9589341488302068
11627,0.17823430672978582
11628,0.5815288109622595
11629,0.751936276083813
11630,0.043509143716891706
11631,0.9892071864485596
11632,0.40928477592579127
11633,0.9512033878653144
11634,0.059473303465333596
11635,0.960607604658686
11636,0.8825501624677926
11637,0.9980759321194891
11638,0.9703856614598707
11639,0.9999995929358204
11640,0.9545500613802013
11641,0.9974326736278287
11642,0.9999999902519406
11643,0.9196273033542532
11644,0.9999487694173599
11645,0.29505393798107565
11646,0.9853461818903949
11647,0.983681425903835
11648,0.6965027142192172
11649,0.07570503992602134
11650,0.0019208811272113453
11651,0.997760959901368
11652,0.0005608281349560979
11653,0.9903183057538794
11654,0.33360273881401115
11655,0.9939755017301379
11656,0.11981295382992642
11657,0.022848458984009272
11658,0.9999977180235073
11659,0.9858154140353984
11660,0.9919779970415233
11661,0.9999892295308911
11662,0.9962937067425408
11663,0.9996134287802054
11664,0.967469201861851
11665,0.9895315579852408
11666,0.9999782120011932
11667,0.9686618849523039
11668,0.9997691749686944
11669,0.172166808396445
11670,0.24046569383553584
11671,0.06628430573808211
11672,0.9202924683574064
11673,0.92677062920462
11674,0.09745133341642687
11675,0.23891052020292874
11676,0.06418777987147062
11677,0.9543800586874939
11678,0.2520638075971078
11679,0.987741164646782
11680,0.271624156865945
11681,0.9904076218289745
11682,0.003707203155569077
11683,0.8715361236229557
11684,0.005670434080195002
11685,0.9499713032792961
11686,0.021977665888578777
11687,9.882457751883655e-05
11688,0.9975262828273558
11689,0.7881573448826011
11690,0.24383831456218985
11691,0.28826069223733375
11692,0.407007593514605
11693,0.04321542180836952
11694,0.7511656891706434
11695,0.9963516306530077
11696,0.9999880334110942
11697,0.010845564758175344
11698,0.08688711975054428
11699,0.2259051639355899
11700,0.001383078377846888
11701,0.7584881139442611
11702,0.9999999836005282
11703,0.006968583400000034
11704,0.9230446517721186
11705,0.9553226169125016
11706,0.8519456215979423
11707,0.9689589087609835
11708,0.25445654126665923
11709,0.9972301736850122
11710,0.8286410134905003
11711,0.9661237109327795
11712,0.005969808521612481
11713,0.01875680932996894
11714,0.9972546504231188
11715,0.5385875919026484
11716,0.9961436640145851
11717,0.985362698375721
11718,0.9506818655363002
11719,0.998184759630234
11720,0.999866332652029
11721,0.0007682860437485569
11722,0.8067486919677674
11723,0.562053953081277
11724,0.008088707491717901
11725,0.0011827993672332987
11726,0.043035365800125305
11727,0.0037787223267004033
11728,0.9959309351955924
11729,0.9885582182850211
11730,0.9730889521426983
11731,0.9999990120175553
11732,0.373932941841983
11733,0.9450518861106424
11734,0.29163240893197057
11735,0.04393046468410917
11736,0.006611129954927219
11737,0.9668158292296497
11738,0.009617883032001102
11739,0.2664872555842801
11740,0.9421275378443593
11741,0.9305167485292096
11742,0.7858176820381608
11743,0.9079417389837664
11744,0.9959243343534088
11745,0.671155998584463
11746,0.6906380217110981
11747,0.38592150651571233
11748,0.5787706605051055
11749,0.8283471644921444
11750,0.9994118542189109
11751,0.0006661485245868786
11752,0.9462580159546905
11753,0.9982721185562514
11754,0.99943838396384
11755,0.840509570614081
11756,0.9998201196295216
11757,0.9829155792754106
11758,0.9134220323203694
11759,0.4392315351898235
11760,0.005733973971511692
11761,0.31254992851965746
11762,0.06152862112885915
11763,0.3222519504328209
11764,0.9999975544545584
11765,0.6851572246868552
11766,0.021680519193646944
11767,0.03406169189127283
11768,0.6947809345560275
11769,0.8414237327131883
11770,0.09008000096498756
11771,0.20758083216526915
11772,0.15283305724310647
11773,0.00010236161041345052
11774,0.9248383161938312
11775,0.9596664943956816
11776,3.224100794654962e-07
11777,0.008913517962567799
11778,0.9970649876775485
11779,0.912729072792923
11780,0.8017255225417189
11781,0.9999967357791638
11782,0.9983990992857278
11783,0.007908184070904056
11784,0.9356834828447094
11785,0.9686265289854876
11786,0.430491021591744
11787,0.9967435833313975
11788,0.9578454375538368
11789,0.24782999126621938
11790,0.7713441325769647
11791,0.14865619831205437
11792,0.967165621043299
11793,0.9883357944816878
11794,0.05261104686047072
11795,0.8664821856324341
11796,0.0628775355668159
11797,0.8810584610388018
11798,0.005032704198279744
11799,0.9997652222623078
11800,0.9294046125467802
11801,9.541376161615905e-06
11802,0.9523817836937507
11803,0.26392930178277396
11804,0.22228806576683605
11805,0.09439363512823604
11806,0.40796863502375896
11807,0.984304786849761
11808,0.21423547314951555
11809,0.9963433451449872
11810,0.002657872675477813
11811,0.901883934620284
11812,0.8060671350653156
11813,0.4861551456224292
11814,0.016713247429151624
11815,0.0034363992208615787
11816,0.9999998876919804
11817,0.9891438945539921
11818,0.9990332166800538
11819,0.9744127037276623
11820,0.0008045469293680726
11821,0.0013819934162843223
11822,0.9449382551023913
11823,0.020430437899228163
11824,0.9536768681638198
11825,0.974306986701559
11826,0.8172664609652174
11827,0.9623628668524391
11828,0.05971883224110739
11829,0.03561763268006928
11830,0.4312881721587406
11831,0.9918516592488386
11832,0.03435166357603746
11833,0.9999988230717636
11834,0.10340342021007916
11835,0.8775936597865285
11836,6.812071463594899e-05
11837,0.6607329561766665
11838,0.9941175483296851
11839,0.9720203398324505
11840,0.9997039896420986
11841,0.06764812735549555
11842,0.0007851369527034942
11843,0.26180667154227305
11844,0.9573051052205245
11845,0.9889317898021625
11846,0.9979284956936509
11847,0.9998797074367652
11848,0.01063458851099944
11849,0.9849638951401679
11850,0.3657580754176332
11851,0.9373753916021208
11852,0.960375877252361
11853,0.13211647775889074
11854,0.9932730022176731
11855,0.8547189361060517
11856,0.006645975045230922
11857,0.9831987377113711
11858,0.008081046337462169
11859,0.8989850603238502
11860,0.0017439908046118589
11861,0.4495729687682062
11862,0.9999441880635698
11863,0.00032201976119240576
11864,0.9985167514363371
11865,0.9834123521032776
11866,0.6426588864319999
11867,0.9963323422179462
11868,0.9999995496586028
11869,0.35507052953652385
11870,0.48110397228778456
11871,0.9332122247724265
11872,0.9994970384399713
11873,0.0004862769218855861
11874,0.9330356104842937
11875,0.6876415875504237
11876,0.2911738361920986
11877,0.9999985165729374
11878,2.9492973351027987e-05
11879,0.9725339641090002
11880,0.9932641590915918
11881,0.9998455417622889
11882,0.9999981020981163
11883,0.029479338667804472
11884,0.9951182491512763
11885,0.08516662545331816
11886,0.999999533767858
11887,0.00030427784807355
11888,0.946518528730129
11889,0.549129790655287
11890,0.07893408990850004
11891,0.0044945318500001046
11892,0.7465303720149212
11893,0.9742334924405438
11894,0.9958156051210204
11895,0.8157391854722265
11896,0.04132620537010189
11897,0.9977831627213508
11898,0.9473420686226822
11899,0.9290841510438838
11900,0.8969964526442872
11901,0.9098866225114646
11902,0.9999985947312852
11903,0.8397488030342448
11904,0.5467298166561757
11905,1.3539795255074633e-05
11906,0.7173109615086508
11907,0.014352407794888127
11908,0.9934945340968172
11909,0.008979347327656819
11910,0.005093420496858123
11911,0.18610477065939546
11912,0.008604334646778863
11913,0.9999913920269567
11914,0.9406052008950803
11915,0.7017915392822601
11916,0.17663695972204227
11917,0.9936407971061936
11918,0.916665936294176
11919,0.9999999998860791
11920,0.9747429750954635
11921,0.978009520415583
11922,0.9817442785231775
11923,0.24554635126012503
11924,0.0025177527884159274
11925,0.8561043145075529
11926,0.9998668771370444
11927,0.7566995027115836
11928,0.9828108949390689
11929,0.9483923195810048
11930,0.23282680830126518
11931,0.8173586592055104
11932,0.3484034255341215
11933,0.04753441826889507
11934,0.9328835819602287
11935,0.5867571568656383
11936,0.9999185921724346
11937,0.9258277305201214
11938,0.08060790848881158
11939,0.13087603048466626
11940,0.809082400063481
11941,0.9961438720739472
11942,0.08627001962279608
11943,0.031038431551136995
11944,0.6451851506830963
11945,0.9999761944846262
11946,0.9999987185554359
11947,0.1065653757988653
11948,0.9452503111575954
11949,0.9980863736606931
11950,0.9971555164717136
11951,0.025301721130916128
11952,0.9991096891483271
11953,0.07371033912422194
11954,0.09535090146877709
11955,0.7084527119807495
11956,0.9999447004015388
11957,0.9539126190060646
11958,0.9989464212238771
11959,0.0026372598819500077
11960,0.8334819091283656
11961,0.10123857328023295
11962,0.8430832270150911
11963,0.9982245351451312
11964,0.0013485432348845827
11965,0.013605172797683664
11966,0.9999822268881029
11967,0.8828552711847207
11968,0.9999996998623931
11969,0.035482029165736555
11970,0.9110678325053687
11971,0.2817917791343041
11972,0.9865224262861542
11973,0.8967695728552023
11974,0.00016557479725437513
11975,0.9988219028346914
11976,0.9739010290404854
11977,0.008672519326453689
11978,0.9671850719544822
11979,0.0526596876488853
11980,0.9993343865785675
11981,0.008057628032586455
11982,0.8759645998533254
11983,0.9999973503455964
11984,0.988232370252268
11985,0.8323849169315979
11986,0.18797986908001893
11987,0.9989317404818984
11988,0.01987697024436883
11989,0.00046215006069322316
11990,0.9987806594750074
11991,0.019846696533742464
11992,0.03132685098503772
11993,0.967094772409565
11994,0.9999818624078425
11995,0.9991170667450798
11996,0.011244245117778757
11997,0.9757586604207389
11998,0.9776700142643229
11999,0.0020358332372686764
12000,0.991046597978085
12001,0.8914809647421731
12002,0.00021250184794194577
12003,0.9106394806310089
12004,0.01085451506929173
12005,0.9819607103485255
12006,0.9230218179016867
12007,0.00016674148414194922
12008,0.7981132706303503
12009,0.060029141229184464
12010,0.37042750181751694
12011,0.9906910769669349
12012,0.02161842043427008
12013,0.9507188210444565
12014,0.9969354969010126
12015,0.9833790560354811
12016,0.1903522907227887
12017,0.2134873994478166
12018,0.20028076770590306
12019,0.5759553623306745
12020,0.0006233510993809852
12021,0.9999548948355474
12022,0.9986826046106109
12023,0.37657133276827703
12024,0.08770284556302343
12025,0.9590029464518953
12026,0.036332603988974116
12027,6.941766405136018e-05
12028,0.0844855717857979
12029,0.061940808694406164
12030,0.9998039680274142
12031,0.528250703277668
12032,0.0010199158875390274
12033,0.9999706119735975
12034,0.9577215333989344
12035,0.4159669349266757
12036,0.6668193585084812
12037,0.9999852468137811
12038,0.9998493702604289
12039,0.8821353563358233
12040,0.9700217340381189
12041,0.0757769546607399
12042,0.9996478613504612
12043,0.9922928182539755
12044,0.2860045048919608
12045,0.10651386560941996
12046,0.4100224280630014
12047,0.999998184939676
12048,0.9518913256562842
12049,0.9999992166054164
12050,0.19869197841807595
12051,0.034892057547348004
12052,0.49363126800140766
12053,0.600119653083124
12054,0.0035541167297527586
12055,0.9999996064391189
12056,0.9346503704948057
12057,0.9994960957033268
12058,0.9994027990396714
12059,0.6706541995739304
12060,0.17325490444195696
12061,0.9189708749665573
12062,0.8821871901585739
12063,0.9999112373587677
12064,0.9971118448673424
12065,0.9999815159497509
12066,0.12100143430025151
12067,0.9970916134062545
12068,0.997798577448264
12069,0.4380637146784214
12070,0.11126724817456907
12071,0.9685768947889861
12072,0.18419984792286412
12073,0.9998361771556352
12074,0.7183633248111458
12075,0.9966166470179675
12076,0.9981984590478965
12077,0.12501562595031612
12078,0.9982890810289118
12079,0.672555911348112
12080,0.9938039571530844
12081,0.13844735940425434
12082,0.9979974703788725
12083,0.9999478212258103
12084,0.0022455412547378313
12085,0.9973008529635944
12086,0.21084832743227055
12087,0.008359528824075538
12088,0.018020721401714998
12089,0.9965568292333525
12090,0.45222518519888794
12091,0.9686836203225253
12092,0.0009196823725321557
12093,5.1247304367103474e-05
12094,0.8159626096129421
12095,0.9859761443103224
12096,0.6384097673075331
12097,0.17164677425363006
12098,0.5073241965619001
12099,0.14956175106350564
12100,0.9946510589699498
12101,0.9979117927428414
12102,0.9896264055875825
12103,0.9407372375200611
12104,0.8621962338696378
12105,0.9988063482038223
12106,0.9766687969404004
12107,0.9010959085382848
12108,0.9526841871212836
12109,0.999004926910773
12110,0.9738066109367219
12111,2.7649795404512035e-06
12112,0.01032411627738895
12113,0.010302191693073651
12114,0.9955221790778762
12115,0.9345576399831695
12116,0.9990480153011159
12117,0.10214933361617869
12118,0.3224167118889634
12119,0.9957816251438432
12120,0.996613086569963
12121,0.06581690757783734
12122,0.07582650829236603
12123,0.9087338741762826
12124,0.9897786825116844
12125,0.995941777064241
12126,0.9084455879911133
12127,0.037857229610260494
12128,0.11696091147108403
12129,0.22256841157425275
12130,0.9961559250651583
12131,0.3705048839515215
12132,0.9880223136377618
12133,0.9689374304157524
12134,0.9310710146212946
12135,0.9882922449650898
12136,0.7839759240341527
12137,0.7872632577747195
12138,0.7782167189050927
12139,0.9651472385386198
12140,0.9999999960047778
12141,0.005503740337612579
12142,0.11100275045558228
12143,0.9999289181792798
12144,0.2530714632961209
12145,0.9809215062063502
12146,0.9079893859405536
12147,0.9648837752002667
12148,0.984314471093236
12149,0.02718780231177991
12150,0.9952563101001847
12151,0.8597286840190818
12152,0.6327173749407277
12153,0.9948070558055456
12154,0.9703607578601833
12155,0.021717851225035306
12156,0.9152440638073598
12157,0.1105187318026599
12158,0.9815032493558177
12159,0.9961804726731406
12160,0.9830825254220865
12161,0.9999940563714064
12162,0.17853596535056412
12163,0.035246682162216394
12164,0.281258336787451
12165,0.6985950715749094
12166,0.07337342252785607
12167,0.14304331064009856
12168,0.010068962891561232
12169,0.014873979110332494
12170,0.9706799529360026
12171,0.002435343870150442
12172,0.002290847122178647
12173,0.0018918026393707089
12174,0.07334451935066694
12175,0.053090554850131366
12176,0.976841000120536
12177,0.08604007009800654
12178,0.9997136413358865
12179,0.9354184829222474
12180,0.9992229223464019
12181,0.9999982064609256
12182,0.23939416131183472
12183,0.042911661952069725
12184,0.009584842395100789
12185,0.04697801246376052
12186,0.009379064937066769
12187,0.994420167155011
12188,0.8128754519978495
12189,0.9890733299736899
12190,0.00790632432918265
12191,0.059680012865231884
12192,0.8190976857974736
12193,0.9252709063056072
12194,0.9655244194560638
12195,0.008596440429059932
12196,0.9938598456174599
12197,0.7184312756063916
12198,0.7909084633812038
12199,0.9064057565875595
12200,0.9993194174677729
12201,0.04043973569251667
12202,0.17645772353158917
12203,0.9773707347403805
12204,0.05451781940702226
12205,0.054555266428030005
12206,0.6952632400513484
12207,0.997930794624817
12208,0.04028816823975246
12209,0.014772994631462569
12210,0.9617372265582325
12211,0.314967064458434
12212,0.9913014986287166
12213,0.5412003261208013
12214,0.9999974717802905
12215,0.08471571728428932
12216,0.9888214016367698
12217,0.005128337871618504
12218,0.7418643303127634
12219,0.042102840285079865
12220,0.04237003664890466
12221,0.957085255300968
12222,0.99333401408329
12223,0.1994022999658358
12224,0.9411968557263715
12225,0.8112993132696963
12226,0.9742847418881588
12227,0.018272162890048068
12228,0.028976324370027534
12229,0.9977985415270979
12230,0.9999998891714786
12231,0.999999672427227
12232,0.9626896038793823
12233,0.9474171343668566
12234,0.9990600195052983
12235,0.008568707654735955
12236,0.0018202866013319707
12237,0.9969694012219837
12238,0.0010521310942326054
12239,0.9361372791278028
12240,0.048192605422547434
12241,0.9993197816811904
12242,0.0596554667028065
12243,0.09232993078090561
12244,0.9999999703000799
12245,0.9996366566950498
12246,0.9994263494567255
12247,0.09380263541526516
12248,0.0673420259140996
12249,1.1609000107890381e-05
12250,0.013699274681346343
12251,0.99999010581595
12252,0.9857341122166526
12253,0.7339586477338081
12254,0.0854971190575868
12255,0.9695446151376997
12256,0.0003797057489464008
12257,0.0010252935916906683
12258,0.15187624192797858
12259,0.06401065468569057
12260,0.08414381370160567
12261,0.9985445765725248
12262,0.00664227430746397
12263,0.905622098287689
12264,0.5349556760311075
12265,0.9966048339368462
12266,0.9999218918575976
12267,0.7768490144907682
12268,0.004525188068224492
12269,0.45547883271326456
12270,0.11814352466150899
12271,0.9815014633367319
12272,0.9994117661003554
12273,0.9897154046806359
12274,0.996256330028445
12275,0.00034812438459843833
12276,0.9984672998698295
12277,0.19868805692858774
12278,0.9870180497228265
12279,0.9999999993861279
12280,0.14416652978021588
12281,0.061453110759427346
12282,0.926952058339887
12283,0.9999870205366629
12284,0.9999162373604188
12285,0.999991361108367
12286,0.016578457871383852
12287,0.6329245100758826
12288,0.025739580754069194
12289,0.9994918888599034
12290,0.3062178031764281
12291,0.9842713208166909
12292,0.023445053380228197
12293,0.9995163867845023
12294,0.42133772508908385
12295,0.8496262960387236
12296,0.721591141465375
12297,0.0010958918160490455
12298,0.9986437337036137
12299,0.9663879266466485
12300,0.34933268886692087
12301,0.4195787628239365
12302,0.20307355637418015
12303,0.9998397084085452
12304,0.10081826770316078
12305,0.054068926300397106
12306,0.015726104154676564
12307,0.9950985054246552
12308,0.9999660765702525
12309,0.000541170274505593
12310,0.9999739152988542
12311,0.2083429392750209
12312,0.9201844510686186
12313,0.5808962661027248
12314,0.43973231512039485
12315,0.8816889213365694
12316,0.37286651627749096
12317,0.7273093487633329
12318,0.9999189805099167
12319,0.058331313581401326
12320,0.9910551077908296
12321,0.0729340857008397
12322,0.5846620081900964
12323,0.9035259535739456
12324,0.01742691652959643
12325,0.06753816788761074
12326,0.9262320010180827
12327,0.2456006169467716
12328,0.5421003099075872
12329,0.9999999999240559
12330,0.9698330486418706
12331,0.9999976468154611
12332,0.9996465069997896
12333,0.005653211732079332
12334,0.9906952787124925
12335,0.41050831821432965
12336,0.999999943082
12337,0.1505520128414447
12338,0.2299157836918986
12339,0.992032084187636
12340,0.03500806445040872
12341,0.0011598726840623883
12342,0.4823220576705721
12343,0.0024181087389031288
12344,0.9170722796957711
12345,0.9702172292593996
12346,0.2713012077533858
12347,0.999995826787958
12348,0.006272895595496075
12349,0.4466867514771205
12350,0.9603190733206798
12351,0.3390705263435436
12352,0.06024810409894452
12353,0.02618198158977805
12354,0.986865598760241
12355,0.9868084803488545
12356,0.0039593919441814245
12357,0.9936609577247028
12358,0.99717052063729
12359,0.7540004283962644
12360,1.2493263903687336e-06
12361,0.9990742539663063
12362,0.9999056406146947
12363,0.2633799724511023
12364,0.8778004786564294
12365,0.9832055784581618
12366,3.1835662146895374e-05
12367,0.9952891477558807
12368,0.8584281308282793
12369,0.9999842919324657
12370,0.830781738294519
12371,0.9946810944503074
12372,0.9997724696657532
12373,0.6596376761780113
12374,0.025176807829718584
12375,0.12464893175363173
12376,0.9987990699564289
12377,0.999398691520593
12378,0.9999999652106376
12379,0.0006918086296052506
12380,0.0005603876351954975
12381,0.028901063818735587
12382,0.9999527267194146
12383,0.005609742335789287
12384,0.22846675859376536
12385,0.8559884503351076
12386,0.04135701897685665
12387,0.998372162100509
12388,0.8615756407916276
12389,0.27618202569122074
12390,0.9444962019097829
12391,0.9960399453977684
12392,0.9198442895724602
12393,0.37488433713701813
12394,0.13145699707555317
12395,0.9947729308317553
12396,0.9490393767583539
12397,0.4340657666474641
12398,0.9910911457485717
12399,0.9905484508063482
12400,0.9183237278332276
12401,0.992465353617221
12402,0.24903231182153457
12403,0.9560086559028439
12404,0.04341224243031599
12405,0.04339802106448337
12406,3.141591555989999e-06
12407,0.9988480880267042
12408,0.0024976344122749623
12409,0.9896134630929868
12410,0.43798016008084584
12411,0.9999991558365054
12412,0.8569299688161187
12413,0.000523575402460233
12414,0.24030436414914938
12415,0.9372176707573141
12416,0.09208218797910668
12417,0.1158239503702105
12418,0.8001865175884453
12419,0.9999999520197317
12420,0.9427947698365975
12421,0.02141257890442176
12422,0.895383573904051
12423,0.9995498429366004
12424,0.876455536016449
12425,0.3986919385551713
12426,0.9817831719436481
12427,0.9800972528765106
12428,0.9251948104887363
12429,0.0068788330492785986
12430,0.9949245773162889
12431,0.007601646627558111
12432,0.037290216151977335
12433,0.9998435714624201
12434,0.9959815624530616
12435,0.024881479161140817
12436,0.9999398899887355
12437,0.9999999601087595
12438,0.05002891548741045
12439,0.9882306554602
12440,0.8022215989808789
12441,0.9799630422615373
12442,0.04985976122861085
12443,0.0050131737053754856
12444,0.932053124685095
12445,0.9983477162577956
12446,0.9999997755290244
12447,0.996065961214036
12448,0.9939398061287109
12449,0.960928937410975
12450,0.9999671211601102
12451,1.4994073429632592e-05
12452,0.8024366950851857
12453,0.004402719278881363
12454,0.9487201823782707
12455,0.3142945393522692
12456,0.022321379137883793
12457,0.47387861880593424
12458,0.98396413873003
12459,0.8162707577956723
12460,0.9939688282021301
12461,0.5142713690772005
12462,0.9196504810150302
12463,0.8902879524827979
12464,0.9954663925099119
12465,0.9760797887284344
12466,0.9939638606440308
12467,0.8991067771575918
12468,0.9799968022469191
12469,0.9999447787234762
12470,0.30480962749814156
12471,2.8422554757303273e-05
12472,0.8255295107272562
12473,0.030440122175576692
12474,0.03488674152318149
12475,0.37026223989901885
12476,0.5614948228383148
12477,0.006305833546305433
12478,0.4324085868290017
12479,0.31054093611097894
12480,0.9938108900763348
12481,0.9709924938615279
12482,0.0813558404925555
12483,0.8842711229245483
12484,0.999933440995698
12485,0.01489169440080093
12486,0.987514171255652
12487,0.9423477785222566
12488,0.9964675424585383
12489,0.7157710796995418
12490,0.8876645978197432
12491,0.9959776067297501
12492,0.4140416617900398
12493,0.9271332892194081
12494,0.35948654029776156
12495,0.9991093214892135
12496,0.008437837324507435
12497,0.9998334525371112
12498,0.02056208985105447
12499,0.8511080829689579
12500,0.996502545616654
12501,0.8777098095852274
12502,0.0013689855999368253
12503,0.011491635008965497
12504,0.08353070923523427
12505,0.03264189931736827
12506,0.9569682740629439
12507,8.597505238705943e-05
12508,0.6819012466832182
12509,0.9790476761535433
12510,0.18210031313633004
12511,0.07459041345489997
12512,0.5704075794912519
12513,0.9035078330998693
12514,0.981391877259664
12515,0.9112878714989594
12516,0.9990476278619808
12517,0.2877598729324145
12518,0.9999690472484859
12519,0.01691700404897542
12520,0.9941231527507761
12521,0.9002167115916552
12522,0.5396046755276629
12523,0.034960830739387806
12524,0.6035082082777151
12525,0.5641937405611473
12526,0.9916525142308074
12527,0.9979970191586215
12528,0.0981735073065492
12529,0.6799360615326278
12530,0.00027054520300056657
12531,0.9816309819730104
12532,0.881245172307309
12533,0.9946259691254603
12534,0.00041264040603381186
12535,0.9999727394935888
12536,0.07199890907284257
12537,0.20225131758113837
12538,0.8248705577124434
12539,0.27065279426689215
12540,0.030880227266978283
12541,0.32890173545146417
12542,0.17820132961737858
12543,0.9954437702311452
12544,0.3698023390232281
12545,0.9932049973529911
12546,0.034155820834530136
12547,0.286368410642787
12548,0.16650483248155287
12549,0.9999963066927252
12550,0.610495939289092
12551,0.0025296679574906135
12552,0.6224335003625249
12553,0.019070422959066847
12554,0.008985615007579262
12555,0.6613920157953895
12556,0.9954165385339921
12557,0.8809357417037583
12558,0.9981403208570592
12559,2.1773155841585252e-05
12560,0.9880478674793495
12561,0.9961112420659761
12562,0.9784533451663462
12563,0.9919987127691656
12564,0.14182495699183803
12565,0.8544247387659152
12566,0.999966663658982
12567,0.23800117818868102
12568,0.014115092704239881
12569,0.9911692579697737
12570,0.0010937660327050775
12571,0.1536836930914615
12572,0.9999493975953426
12573,0.9201049027086358
12574,0.15840098160596855
12575,0.9529866489860919
12576,0.9521722664223101
12577,0.9780157373413357
12578,0.999999936263453
12579,0.00041410991305932396
12580,0.00390990467265524
12581,0.11466084868015038
12582,0.05050818501299378
12583,0.999813743356267
12584,0.3986578692571502
12585,0.9974829764981455
12586,0.7484794422670887
12587,0.7378101667650939
12588,0.6126430635691041
12589,0.884748568049194
12590,0.003923022078190073
12591,0.9999824040856713
12592,0.9978070484323559
12593,0.4772662115712895
12594,0.46756787411918793
12595,0.9992418581006777
12596,0.8614156870410642
12597,0.032102132544562775
12598,0.12079132744766909
12599,0.17457160445940584
12600,0.9999999927695331
12601,0.11207160241004852
12602,0.06600074910124237
12603,0.9537188988493146
12604,0.9953092852922321
12605,0.9157859456217171
12606,0.9744118117553406
12607,0.3030826183938159
12608,0.07756937080270558
12609,0.9861015568292962
12610,0.0025682709641784013
12611,0.9130284569377252
12612,0.7439704677942256
12613,0.9999915049169298
12614,0.7985262548782562
12615,0.9999853647483521
12616,0.4261610755396188
12617,0.9999999999367872
12618,0.15806062349892727
12619,0.9948653787375529
12620,0.9946484192402507
12621,0.9627371506344696
12622,0.045759802276250254
12623,0.00012592902619904827
12624,0.9771361415720681
12625,0.07460846718454786
12626,0.9955380925404758
12627,0.9999999940848723
12628,0.9997649998585946
12629,0.5470569945149677
12630,0.18149802346831012
12631,0.2589463357151261
12632,0.9999192913956809
12633,6.855086423289457e-05
12634,0.9838048835644208
12635,0.7015123013875505
12636,0.4504746590564942
12637,0.08070732692959133
12638,0.9999211382535941
12639,0.3524703936376278
12640,0.9375409151366974
12641,0.993758251161878
12642,0.176840367170738
12643,0.09656913225535596
12644,0.9642924252058981
12645,0.6521834663530607
12646,0.9533286251631131
12647,0.9939298083500455
12648,0.9571996282399946
12649,0.6877794542333713
12650,0.950715096857906
12651,0.9789169727132945
12652,0.9961685961279679
12653,0.8436873774259471
12654,0.9999637730693648
12655,0.12804301774263616
12656,0.9100169396282854
12657,0.9997919699185601
12658,0.9561980875457421
12659,0.9998131091805365
12660,0.8056159169352899
12661,0.027874335938565132
12662,0.007872878580718638
12663,0.3075851545100064
12664,0.2738510604500884
12665,0.40770432987458755
12666,0.9949502128571008
12667,0.19514869995740075
12668,0.8384776482479342
12669,0.9522149337452064
12670,0.9112047049039643
12671,0.0182805632741169
12672,0.764747343627983
12673,0.9796550477880451
12674,0.9870893069782433
12675,0.06477282092431863
12676,0.9944561155353233
12677,0.0005982187666627204
12678,0.3939573631524409
12679,0.014684530716674202
12680,0.9999582580878326
12681,0.9997238662790436
12682,0.015819090324221588
12683,0.949994376763119
12684,0.08648847273989262
12685,0.9814509724801183
12686,0.5012820802813345
12687,0.9985545195596296
12688,0.9999992890402064
12689,0.010809814670806859
12690,0.9950194953749124
12691,0.6402387613910568
12692,0.14467537122314475
12693,0.0020091199418529296
12694,0.9964338859331642
12695,0.3244629092415554
12696,0.9958357820380355
12697,0.9982195940217506
12698,0.5566125420933827
12699,0.6382537985358507
12700,0.0017230600977693987
12701,0.9999469570127244
12702,0.6620355248161354
12703,0.5263854747604699
12704,0.0024290239395129078
12705,0.923935704769726
12706,0.9906055189362561
12707,0.9349536873736075
12708,0.8794871204360869
12709,0.3584774629536117
12710,0.9994328655865568
12711,0.7992485788769095
12712,0.0015498236071684619
12713,0.002524743927597355
12714,0.701425267752248
12715,0.9964077530632963
12716,0.0158040546217043
12717,0.9999999159815292
12718,0.9964569104828513
12719,0.4300540788159483
12720,0.02191616891920091
12721,0.9999877145496878
12722,0.0011367252547099327
12723,0.12636684514820468
12724,0.9502049780982792
12725,0.9999993195988566
12726,0.9777883517095151
12727,0.0001429284020855549
12728,0.9999827837164892
12729,0.9401648555951339
12730,0.1306669436495326
12731,0.15304032659078023
12732,0.9999988685586488
12733,0.9909234432766858
12734,0.9881050257141701
12735,0.44798136887069473
12736,0.5242562891954928
12737,0.9990951778276885
12738,0.9919161268972905
12739,0.9062454825533145
12740,0.9995400110042887
12741,0.8252912013421263
12742,0.9999967929116159
12743,0.4518386018987363
12744,0.007841869337730298
12745,0.9949432314340207
12746,0.015028999168863523
12747,0.029232465015388905
12748,0.00710900528418391
12749,0.011037493526925825
12750,0.9952489788436003
12751,0.9941883574452066
12752,0.022993057661842644
12753,0.42195655364176243
12754,0.719786284853912
12755,0.0031387363255897045
12756,0.834573703765356
12757,0.9991007523162867
12758,0.4542103276984267
12759,0.6676868826090365
12760,0.556921110525617
12761,0.0009471378995407031
12762,0.03897948001487654
12763,0.25738543317753404
12764,0.999954292885283
12765,0.9999942581378614
12766,0.6366411739288
12767,0.9992518364763431
12768,0.9980444441910079
12769,0.9999999995468583
12770,0.9831035218879816
12771,0.7222133203253204
12772,0.01915099009893745
12773,0.9938583499794992
12774,0.9946889549305293
12775,0.03720699347556526
12776,0.9883891056133896
12777,0.96752117865349
12778,0.998765620815432
12779,0.04049967175393357
12780,0.9992774628357989
12781,0.9422446009525274
12782,0.4675644284457354
12783,0.9777637402649487
12784,0.5196017137705098
12785,0.0006300961460654908
12786,0.02211130470557615
12787,0.898783095169448
12788,0.7225611917255993
12789,0.0027201287366882803
12790,0.5254560161984206
12791,6.568793414487862e-05
12792,0.019628023944880033
12793,0.8912045492569658
12794,0.9999999999990394
12795,0.4615330376783189
12796,0.07456747980857889
12797,0.00012626700749343437
12798,0.5570975022984731
12799,0.00872312817638031
12800,0.007484295452696862
12801,0.21682464536399482
12802,0.0028177454139182304
12803,0.9990278843145279
12804,4.173494187241764e-05
12805,0.993598180147985
12806,0.6521554121088677
12807,0.006568089646616509
12808,0.12296489176873437
12809,0.7973203637299388
12810,0.9738852816617293
12811,0.001814745693220344
12812,0.9957514111975277
12813,0.9994521122805257
12814,0.9772363721700207
12815,0.30905862320459976
12816,0.01312742915629866
12817,0.0589608747508454
12818,0.9708116997655086
12819,0.9412970302532302
12820,0.08160563467308544
12821,0.9576669633865981
12822,0.4686863559645389
12823,0.9351442655379144
12824,0.9907034982624473
12825,0.017393860231913548
12826,0.9907727735588298
12827,0.9999980491355132
12828,0.005962619083532358
12829,0.03271078902353061
12830,0.9992407599880592
12831,0.995597983685227
12832,0.9987740871063261
12833,0.9564197484713766
12834,0.9817253625395186
12835,0.8817708502448133
12836,0.9988931686966525
12837,0.7469453953795866
12838,0.9541058875121184
12839,0.014554882471628481
12840,0.011281168781268105
12841,0.9984796568660352
12842,0.004665446282843185
12843,0.9587845987381648
12844,0.1721547549191528
12845,0.9998003465856824
12846,0.6395544495500228
12847,0.9665905846303381
12848,0.999998813530907
12849,0.041385715063516605
12850,0.06475788964899608
12851,0.9999665155272438
12852,0.9941132696494397
12853,0.987639896724184
12854,0.9991952748847358
12855,0.9997173595136579
12856,0.9324157456110804
12857,0.8371824719787081
12858,0.6427931476703753
12859,0.12373241625448446
12860,0.10822720611512603
12861,0.07636639583907427
12862,0.9819485516780414
12863,0.9862630257454613
12864,0.9874811504279377
12865,0.08403000092295838
12866,0.04355274633763502
12867,0.99991612290982
12868,0.01406168975492082
12869,0.9999704068560367
12870,0.9852819932780599
12871,0.86174333318306
12872,0.7423355173228882
12873,0.09492169189682052
12874,0.06250325057046312
12875,0.09249504142763153
12876,0.0002555468118018
12877,0.0011632045633486335
12878,0.3131418701446455
12879,0.9993015124316884
12880,0.29504927140742016
12881,0.8230430146798611
12882,0.0019566277048830545
12883,0.9778732006360125
12884,0.9936012250934666
12885,0.9999840788883451
12886,0.9894403008574328
12887,0.884775957072863
12888,0.06550295532637511
12889,0.999721083722216
12890,0.9745772264350767
12891,0.050120609875556305
12892,0.04148078090761794
12893,0.8272563385021232
12894,0.9745171952652892
12895,0.999856367349147
12896,0.02112477099625802
12897,0.09505254346708075
12898,0.9658830650816377
12899,0.9980927150688408
12900,0.0002380112193979891
12901,0.38539045891170026
12902,0.6296622489239591
12903,0.7551237978668313
12904,0.035270229295877566
12905,0.06520141550552795
12906,0.08637312621958242
12907,0.9689180741984851
12908,0.9163070272392262
12909,0.26849475837224185
12910,0.4146751874730241
12911,0.23961427553511389
12912,0.03575589857303121
12913,0.9710348972152338
12914,0.5405421851501327
12915,0.8647291918874657
12916,0.9999995840261503
12917,0.11132575892428066
12918,0.9993592123664089
12919,0.9994751130290572
12920,0.8644869811360174
12921,0.9998008680005765
12922,0.8846612423139183
12923,0.9978761994651009
12924,0.9933322212563789
12925,0.00645412768442993
12926,0.9911007948574574
12927,0.997318725340135
12928,0.999995393952745
12929,0.008472438622214787
12930,0.022786750355461356
12931,0.0011929048403267635
12932,0.05760128701989696
12933,0.9962042652155337
12934,0.030360190208699546
12935,0.2704323817668455
12936,0.8314849708586621
12937,0.9976205361336037
12938,0.6362901965408837
12939,0.05355358956020737
12940,0.8763937982111385
12941,0.9721943362299258
12942,0.9998326101598793
12943,0.0062952975905640135
12944,0.999790926152694
12945,0.9505330990125054
12946,0.9541657942550321
12947,0.5468292638399197
12948,0.9963188874720839
12949,0.41576443381221934
12950,0.998152678045083
12951,0.030743157835767643
12952,0.7870286250952002
12953,0.9385627371636271
12954,0.864341250012491
12955,0.06770504642164182
12956,0.9446807050869174
12957,0.9038809495690825
12958,0.9935756196590653
12959,0.9349362972053004
12960,0.9988330246327448
12961,0.9070787272221675
12962,0.9699362709967717
12963,0.5463526548442628
12964,0.007355690172369167
12965,0.6370566361061143
12966,0.9840523075927922
12967,0.9999801253645549
12968,0.9998854719656441
12969,0.0023446980437807747
12970,0.39161787481212684
12971,0.8614166742834702
12972,0.00012762834360717656
12973,0.6320036922717165
12974,0.9999661132841943
12975,0.9915290793487452
12976,0.04196083221354726
12977,0.2313740063787623
12978,0.25634890814246686
12979,0.969001109576747
12980,0.9813983887227765
12981,0.20469153273179228
12982,0.013014916923058627
12983,0.9954603085090994
12984,0.13589334590634128
12985,0.008792185377279852
12986,0.12296290888432586
12987,0.24019146528393304
12988,0.9615962686588428
12989,0.12672432285667976
12990,0.9983476088596915
12991,0.011757132350341211
12992,0.988948294295534
12993,0.9130014267517429
12994,0.9961662748700203
12995,0.13228298778966377
12996,0.8575488944271905
12997,0.9964480697105973
12998,0.9569875697612343
12999,0.11898972942450724
13000,0.00471690723917229
13001,0.05445018390826029
13002,0.08164753149781788
13003,0.9999999827607976
13004,0.19550177537129276
13005,0.982791171507518
13006,0.4263088345637653
13007,0.9999877259969168
13008,0.9985567984750612
13009,0.0621750581316168
13010,0.3624492066405344
13011,0.9069975436385147
13012,0.5952001411017606
13013,0.999993475950085
13014,0.9946254869858796
13015,0.9757777211706374
13016,0.9242563093677774
13017,0.7753017458164257
13018,0.9021384574603013
13019,0.6634930129959985
13020,0.8233777299700912
13021,0.007572417930066991
13022,0.12050783466180465
13023,0.9997928162747698
13024,0.9310044975532044
13025,0.003289728111352692
13026,0.0024193020365235805
13027,0.5879482020454839
13028,0.007404684401528771
13029,0.99242876049944
13030,0.085494955153376
13031,0.9484113456681521
13032,0.9928741767279721
13033,0.9499311870926013
13034,0.9995177926810971
13035,0.981009839170586
13036,0.2653656906739737
13037,0.01443096108883895
13038,0.6866311245967249
13039,0.6064716698738147
13040,0.7968442787949073
13041,0.9967746394478637
13042,0.6740188748656141
13043,0.9946913143562115
13044,0.78317066174365
13045,0.055842763093863546
13046,0.9972214220458646
13047,0.995899211486783
13048,0.32881386187901535
13049,0.06664297240413114
13050,0.001069301816769686
13051,0.2678337321380212
13052,0.9999977704735193
13053,0.015898361701834163
13054,0.9954562102157571
13055,0.9837867012240609
13056,0.4404428392322643
13057,0.8103982034805087
13058,0.6966519339999095
13059,0.9198368279242194
13060,0.5320545564020642
13061,0.0006444511820053161
13062,0.11279652817064896
13063,0.2410118847931819
13064,0.06936570159047303
13065,0.9960767481295494
13066,0.9998011473939561
13067,0.7868631880147112
13068,0.3512047585331234
13069,0.9980251266670238
13070,0.9999100626532703
13071,0.877171734044398
13072,0.4439402197794482
13073,0.22707721304975198
13074,0.9800341908206458
13075,0.0014821815966950618
13076,0.0005261754206294962
13077,0.5093631616506933
13078,0.7155895297564766
13079,0.8214872967472404
13080,0.042046494545553224
13081,0.9999965839728762
13082,0.9937523111129454
13083,0.9863993465827082
13084,0.9755458962261381
13085,0.08580383861392993
13086,0.06686405562358373
13087,0.9652522831983911
13088,0.9365328376356364
13089,0.9999859306030079
13090,0.9983953789147654
13091,0.6163995723274827
13092,0.9999994856988572
13093,0.005332892062881541
13094,0.3298712671934769
13095,0.029023625472289413
13096,0.9528796142142512
13097,0.9886391453385153
13098,0.7291751083111132
13099,0.7605168507699901
13100,0.997810208840277
13101,0.06249050984132963
13102,0.9917687959303526
13103,0.9918114973895545
13104,0.0062359538838662205
13105,0.016127802805997026
13106,0.9958313322731269
13107,0.3285656024687166
13108,0.9850415399547597
13109,0.40134460981056364
13110,0.1354037930521144
13111,0.9999783046994847
13112,0.9843752462691573
13113,0.7631379244869049
13114,0.9297159650251089
13115,0.9026637891117404
13116,0.7340426142656954
13117,0.9998189826174813
13118,5.540561322863184e-06
13119,0.9452616898419888
13120,0.9999765577819756
13121,0.5732581933366875
13122,0.9266083618260941
13123,0.1523302545459559
13124,0.9999999985185015
13125,0.8966012835998991
13126,0.9999270668405161
13127,0.2780509775183643
13128,0.7225198719059355
13129,0.8520946664607293
13130,0.8309514316263407
13131,0.005403580769690942
13132,0.048426326701195545
13133,0.4138167589225564
13134,0.2288048851460189
13135,0.000612038500861041
13136,0.9988208641958269
13137,0.7585698439645413
13138,0.9888206384419538
13139,0.9573509988993976
13140,0.6843524573937366
13141,0.719251033296701
13142,0.9835672628027754
13143,0.05374263433834716
13144,0.27914383742138743
13145,0.9989856813609552
13146,0.978772828059659
13147,0.14049409612598301
13148,0.8783744009887645
13149,0.8267960732073333
13150,0.38996112851571285
13151,0.015321225980375872
13152,0.05675300841216301
13153,0.9869808732204542
13154,0.9995555181430191
13155,0.9999972502694774
13156,0.01745893257818038
13157,0.9869631387913229
13158,0.8186015223307073
13159,0.9845136857818799
13160,0.0014618456291207818
13161,0.9999891935331624
13162,0.6890231703566582
13163,0.11014354198509217
13164,0.15201237826092154
13165,0.99711692942958
13166,0.9745891038709641
13167,0.05410278974108298
13168,0.9719239494343667
13169,0.005023507836208487
13170,0.9995784145077891
13171,0.0010044408665628524
13172,0.997805453705228
13173,0.744390743770931
13174,0.07329699376507244
13175,0.9999987582468929
13176,0.9990728556971596
13177,0.9998959618441295
13178,0.019506683864498473
13179,0.992674950642247
13180,0.09710407666212846
13181,0.0797766935263894
13182,0.9174949825536967
13183,0.9999433116606969
13184,0.6530374658401715
13185,0.9971829512452508
13186,0.5598718686250024
13187,1.0018387988884836e-06
13188,0.05156591923411588
13189,0.18158138734704693
13190,0.9999998146149836
13191,0.992641729063168
13192,0.0001741668479383863
13193,0.8449572615697041
13194,0.9987156659209238
13195,0.9999995898309612
13196,0.9583262696827561
13197,0.979383423308568
13198,0.014836369348382181
13199,0.11567799473000533
13200,0.012236759445824972
13201,8.367641204496567e-05
13202,0.8553279175843213
13203,0.08050560947226107
13204,0.996766654403149
13205,0.9970627481545591
13206,0.10118581266033219
13207,0.06462983914124416
13208,0.9987956128781552
13209,0.9736414170561049
13210,0.07730107886824948
13211,0.9996032764774888
13212,0.13646396421882062
13213,0.5582694402362479
13214,1.6973394134695622e-06
13215,0.8513749547736891
13216,0.9967096375342354
13217,0.9087182340034323
13218,0.9998880919486013
13219,0.013547717461252525
13220,0.9469841625671874
13221,0.019338360608314193
13222,0.05866790393715217
13223,0.5246511765095347
13224,0.11377340592081624
13225,0.22923075745896643
13226,0.943693659986628
13227,0.9991493543990526
13228,0.8842764709966268
13229,0.988381752178045
13230,0.9999973733712502
13231,0.43632872040789955
13232,0.8474474467389883
13233,0.8824757610650654
13234,0.8461354314259811
13235,0.9151698487012228
13236,0.924577546176175
13237,0.9891152737422022
13238,0.9385711954973901
13239,0.07622252186883652
13240,0.9922522493166228
13241,0.651516166044754
13242,0.9910196914233358
13243,0.80997245757958
13244,0.39337151723187086
13245,0.9882314328109524
13246,0.8449116375583312
13247,0.9217469659134468
13248,0.9838539156796108
13249,0.0337303673202026
13250,0.174842889996961
13251,0.9976001526561719
13252,0.1926733018431578
13253,0.060805057351109096
13254,0.05967197392682928
13255,0.943577014634717
13256,0.9991428999785735
13257,0.31589182953785794
13258,0.03260468409193431
13259,0.0004186512022843473
13260,0.7375814976321468
13261,0.35026898299521647
13262,0.9998917427075962
13263,0.9152018776795858
13264,0.9848531314040719
13265,0.0022290969702661173
13266,0.5472428410171006
13267,0.002831026096780374
13268,0.00011630629795620835
13269,0.8243501138123027
13270,0.8346660624125518
13271,0.9055026210200163
13272,0.9999553747647281
13273,0.17760701704421727
13274,0.9897232032617913
13275,0.051122627766136054
13276,0.06642165022809919
13277,0.25877253550560586
13278,0.999996123022821
13279,0.9883206651148506
13280,0.9799885079925537
13281,0.9916925651952432
13282,0.9948840248010661
13283,0.0018248578731703802
13284,0.2639816170150623
13285,0.9926006040746871
13286,0.9997183903412613
13287,0.19223673239193592
13288,0.39222293093993293
13289,0.7899458081777121
13290,0.9995106623727114
13291,0.9999996875429668
13292,0.013989459291659095
13293,0.9985870028234568
13294,0.9999930937350051
13295,0.9997593393006496
13296,0.99998317713374
13297,0.99957838111043
13298,0.840729306809217
13299,0.0028872130635961375
13300,0.9973029788095974
13301,0.021475912472407065
13302,0.9999966511791232
13303,0.7661937713702553
13304,0.6917757405326438
13305,0.9999073674725352
13306,0.6865951987608361
13307,0.9989272587865273
13308,0.9999735517361971
13309,0.995971619401924
13310,0.06893788267693063
13311,0.9997832096598521
13312,0.9951414927714507
13313,0.04513038908352074
13314,0.05772449777325754
13315,0.07737542157636591
13316,0.030352473136201673
13317,0.987780468879082
13318,0.48768334087685994
13319,0.9235153772156315
13320,0.08940954575201819
13321,0.5847170713047147
13322,0.9607808529539098
13323,0.02783867600697187
13324,0.9998802131506539
13325,0.6736019953959272
13326,0.9999931099245537
13327,0.8590605707428312
13328,0.26337246632628003
13329,0.9910674634177206
13330,0.2682242561540369
13331,0.999369750577785
13332,0.8812221405928294
13333,0.18476900774715754
13334,0.9998974337458512
13335,0.01368873379449436
13336,0.012887592106672419
13337,0.6906049800489181
13338,0.6893764170121146
13339,0.9999621080143022
13340,0.9999451990696656
13341,0.9999681242718971
13342,0.8096415902289781
13343,0.0010782549678686646
13344,0.00647882964959848
13345,0.9659476334407152
13346,0.257209145297414
13347,0.9367436834462204
13348,0.9836540851282599
13349,0.15345096021380933
13350,0.0016754527699826618
13351,0.9937679617383813
13352,0.9851532344100157
13353,0.331418993641451
13354,0.047681056625476295
13355,0.9988350537358809
13356,0.9999335342505442
13357,0.9994038211789552
13358,0.9771569489042509
13359,0.9886550849377308
13360,0.19587900584275753
13361,0.9999780141801884
13362,0.9964910337734634
13363,0.9993471345728029
13364,0.9343764106992152
13365,0.8289214006810843
13366,0.19839225821828552
13367,0.9904669085261038
13368,0.00010067232713971094
13369,0.9312426212745951
13370,0.00862763524902933
13371,0.9999985061009387
13372,0.490792561966842
13373,0.07707750678892317
13374,0.9829167756514391
13375,0.058019813455684625
13376,0.7159401557111306
13377,0.8686011774385004
13378,0.0031238663906811488
13379,0.9892422759587169
13380,0.13509170667095574
13381,0.05447428509056932
13382,0.9998627924463851
13383,0.9951348412923486
13384,0.2633158114211254
13385,0.9999953356885827
13386,0.9999998829106879
13387,0.25579820069479514
13388,0.8502269250259051
13389,0.8807819206445723
13390,0.14456798316098807
13391,0.9611666362143102
13392,0.9982060308239568
13393,0.08086355454277384
13394,0.9943048871169193
13395,0.9996832937171825
13396,0.9977658091710472
13397,0.9224887818214965
13398,0.0032622954064240894
13399,0.9930802760177645
13400,0.9317096535203175
13401,0.9155816962437336
13402,0.26213143435993624
13403,0.15912285993468137
13404,0.8369299020619483
13405,0.9927160685532014
13406,0.0015641050153564432
13407,0.9996544373824221
13408,0.9995742917515693
13409,0.006179093353801515
13410,0.2308539582836008
13411,0.030763010849366817
13412,0.19962349592209425
13413,0.6279826278875438
13414,0.9806383407695601
13415,0.01722106600010984
13416,0.9970576044681277
13417,0.18772803839639454
13418,0.09125342187492848
13419,0.003965183828815128
13420,0.943347197939613
13421,0.7479319470809459
13422,0.9994804762782311
13423,0.9883888829841115
13424,0.9999998407752042
13425,0.9998456387751181
13426,0.00038539111728022975
13427,0.9893412050798576
13428,0.9721840339917139
13429,0.9999943842001688
13430,0.9636841702317612
13431,0.9700704020235016
13432,0.00480530402438226
13433,0.16063361245993368
13434,0.14219428071241788
13435,0.9900381575726137
13436,0.9979477063505556
13437,0.999739220226428
13438,0.01923426381856558
13439,0.9999868296984936
13440,0.9999915537192969
13441,0.5786675426778968
13442,0.9337128050846185
13443,0.5855079486803695
13444,0.0008913393086531627
13445,0.9730697568217789
13446,0.06032939388843691
13447,0.7619187893068539
13448,0.9982953802409574
13449,0.9488019569411612
13450,0.9999988544495853
13451,0.999669408468658
13452,0.056791100222656064
13453,0.9997947969484884
13454,0.998209621962987
13455,0.9999945944825199
13456,0.9972385873174455
13457,0.8205667281579135
13458,0.01209436523371572
13459,0.014553150034596857
13460,0.01174270917859366
13461,0.022883845129962152
13462,0.9989144575890002
13463,0.3236754345889732
13464,0.1634849436274009
13465,0.9811499973531173
13466,0.00010412452404505741
13467,7.468535875043112e-05
13468,0.9999824636809899
13469,0.9790933467140566
13470,0.0257617000594921
13471,0.19269448237497297
13472,0.011639346332110542
13473,0.3922588102547103
13474,0.0002860022099994568
13475,0.010449936329139289
13476,0.0275236550295353
13477,0.0008069941034112811
13478,0.9215923089439366
13479,0.7387644042528866
13480,0.004725741974451455
13481,0.002206516050820712
13482,0.9977396478947025
13483,0.9563174808338403
13484,0.0028191966652823712
13485,0.1920670628857057
13486,0.9418560766897094
13487,0.9464493153106975
13488,0.9628214722616807
13489,0.9750786920534701
13490,0.965199794524868
13491,0.8274230845298841
13492,0.018600021538910078
13493,0.02552049200965021
13494,0.9710364722987016
13495,0.6347676660622874
13496,0.9999878345165204
13497,0.9916512368427292
13498,0.4500735205151038
13499,0.42730796123471076
13500,0.0024335019499399533
13501,0.9998983933028147
13502,0.9993631912999286
13503,0.9999870300016072
13504,0.42285791793017413
13505,0.9345883146068508
13506,0.9986015561356242
13507,0.03938155361133878
13508,0.9992087105809215
13509,0.5685015012768134
13510,0.9975821948117527
13511,0.6061963260401285
13512,0.7201966803350679
13513,0.9667282661324875
13514,0.9999993401994277
13515,0.9812266050260521
13516,0.9999983656266882
13517,0.8708390532848322
13518,0.9987785662507206
13519,0.9140964153147002
13520,0.09398829775572327
13521,0.9713015669749595
13522,0.5887101937670774
13523,0.8988982186082957
13524,0.055330659840229765
13525,0.06587775824432084
13526,0.0011544975432532345
13527,0.021779108533604874
13528,0.1015208972967848
13529,0.9982352188427898
13530,0.0430694649341593
13531,0.07031638298535799
13532,0.9884971077701438
13533,0.999448975646155
13534,0.8206990504162971
13535,0.12284186412911735
13536,0.9999531196079571
13537,0.02394970597262152
13538,0.7612058233008984
13539,0.004751677116157651
13540,0.4854872557278875
13541,0.9900793443590561
13542,0.006309816438952858
13543,0.7305021854093484
13544,0.9999999938001067
13545,0.9999483429139459
13546,0.9600205542965707
13547,0.7626948690711799
13548,0.9999801892645316
13549,0.8312568935938103
13550,0.9511530422878368
13551,0.01909544416480471
13552,0.011330221239744682
13553,0.759276948870334
13554,0.9913158897078204
13555,0.9782929109154812
13556,0.15962288897782873
13557,0.00024401305122786463
13558,0.004218789701173195
13559,0.7687950288305059
13560,0.26414183705622185
13561,0.20619379289775686
13562,0.018945036562081213
13563,0.8114004569140331
13564,0.017062900452440237
13565,0.9999999359635586
13566,0.09320445605228975
13567,0.9921819467107647
13568,0.37834591359782493
13569,0.0547769314893868
13570,0.5877016702194632
13571,0.019073745061113086
13572,0.047005214415818404
13573,0.8654376159016567
13574,0.890429288613581
13575,0.9994384256232138
13576,0.8801270657826291
13577,0.8515154998316959
13578,0.9951197768916498
13579,0.7823788341376723
13580,0.9711763573928347
13581,0.8271736649705388
13582,0.7788360785081995
13583,0.05751993127176672
13584,0.9999706058734982
13585,0.9292799240041808
13586,0.999998422429386
13587,0.6091826708373077
13588,0.98383854131318
13589,0.47918237560080146
13590,0.00018066569330286566
13591,0.18930434641378316
13592,0.9986021917397544
13593,0.9824032427330205
13594,0.9996543746592803
13595,0.8879261483683307
13596,0.8913335995232127
13597,0.9999997799056108
13598,0.3138110847269423
13599,0.568225676315064
13600,0.6156261710692821
13601,0.9996499038960884
13602,0.5023565301803866
13603,0.001176625342511119
13604,0.9924012843647178
13605,0.033202191689378206
13606,0.129759384223107
13607,0.9966564694166822
13608,0.02785343095059646
13609,0.998242154515013
13610,0.9998835153604911
13611,0.9999998921194558
13612,0.809111296091454
13613,0.07685044031788166
13614,0.1103404391238136
13615,0.999997049927361
13616,0.9358714666178017
13617,0.897702521244503
13618,0.9204932438885096
13619,0.9997069329490058
13620,0.08959215491102983
13621,0.2735773095566744
13622,0.017569853279652037
13623,0.9971757014324373
13624,0.06171184971831832
13625,0.9868728126661434
13626,0.12389325397885284
13627,0.9070430798829355
13628,0.9418448599311607
13629,0.6858614340879324
13630,0.99917045501556
13631,0.900899638451065
13632,0.8381751382168731
13633,0.032502274220854804
13634,0.8689894201220817
13635,0.9615483214281414
13636,0.0630328582337015
13637,0.1220582394607049
13638,0.6999710543377763
13639,0.02121684590803469
13640,0.9998278118541275
13641,0.9314838309668554
13642,0.1530183018502862
13643,0.0021854853781418555
13644,0.16856023285527186
13645,0.9977912097286749
13646,0.079094658405295
13647,0.9942679144352947
13648,0.9999820515997541
13649,0.3921037259976485
13650,0.02878306164975877
13651,0.9999978260049183
13652,0.007771674542491752
13653,0.9998955375609935
13654,0.017579314013448196
13655,0.9855113035225463
13656,0.023743694102239275
13657,0.994502047052568
13658,0.9998594186589843
13659,0.0935866499280814
13660,0.4959879541172985
13661,0.0031344217416547134
13662,0.2558978959743597
13663,0.9814895846957955
13664,0.7610490173789926
13665,0.3539492225400136
13666,0.6796751246108702
13667,0.010381319488330305
13668,0.9999312713459494
13669,0.9999998062521787
13670,0.18446016644316465
13671,0.999943615918474
13672,0.5940859191215725
13673,0.9999975136198155
13674,0.18710852374188486
13675,0.6163199185988916
13676,0.9988654065791193
13677,0.10155294243048339
13678,0.987516041092968
13679,0.9884647479315402
13680,0.9992619413196434
13681,0.15825946081719985
13682,0.9999567004293208
13683,0.9457780000043525
13684,0.9999609574414796
13685,0.999714051248771
13686,0.14333801760936854
13687,0.99999991110488
13688,0.5469680754695401
13689,0.9999995332740028
13690,0.10571640516915916
13691,0.9952601942207692
13692,0.005866071670525839
13693,0.015434280757713486
13694,0.32658728646254237
13695,0.9995199724747733
13696,0.12022074232769113
13697,0.130205852403749
13698,0.9949825191447874
13699,0.9999975148284251
13700,0.999999591574572
13701,0.019901528327592864
13702,0.9964525638073722
13703,0.9256434325543305
13704,0.9970458844284219
13705,0.49562050066251595
13706,0.04107951000418982
13707,0.892685108300333
13708,0.02605696258701067
13709,0.9999786147581398
13710,0.23723980881983586
13711,0.8930015620050592
13712,0.03998015729537695
13713,0.9936858084762953
13714,0.023652594196020664
13715,0.9298302134148925
13716,0.9022998492675621
13717,0.9993219860510991
13718,0.6616929158738486
13719,0.9814617337256628
13720,0.18736811245442422
13721,0.6857742671165704
13722,0.9999996510659496
13723,0.7887786452369253
13724,0.039839813299679415
13725,0.9998569961877358
13726,0.9986873601615418
13727,0.0519820789554172
13728,0.02149169515686836
13729,0.9999637278784975
13730,0.8698975329388108
13731,0.11270511856204456
13732,0.005607916054594037
13733,0.7420811158412333
13734,0.2681006022842105
13735,0.9549240688896401
13736,0.15307400656991624
13737,0.9592780300630619
13738,0.9999999963742645
13739,0.9103323537095319
13740,0.06086570378556451
13741,0.9967599829733025
13742,0.812211119436401
13743,0.09237821848193088
13744,0.009453739347649325
13745,0.058742328249815984
13746,0.9793780328068162
13747,0.9831627240918651
13748,0.12030731257749228
13749,0.9468134122019305
13750,0.20585066958381432
13751,0.22279216702864843
13752,0.024959585974670444
13753,0.7442106610419604
13754,0.8171225081325536
13755,0.5517500081401971
13756,0.9930917666787674
13757,0.019033933488780852
13758,0.012490368147016076
13759,0.9997589905385768
13760,0.6837260375629308
13761,0.8993669803645525
13762,0.8329205278883564
13763,0.004999526628884492
13764,0.9595652294960229
13765,0.9883199274034216
13766,0.914343732397596
13767,0.8876507134192833
13768,0.20762611999758337
13769,0.5232811587473818
13770,0.0006095652281334416
13771,0.05199156694186842
13772,0.9918388748328473
13773,0.9992691702204002
13774,0.0602378017672958
13775,0.9945065979465761
13776,0.053955737403790754
13777,0.9995168775407401
13778,0.09607081033290751
13779,0.15892056878084976
13780,0.9955150461702182
13781,0.9990291179102943
13782,0.8425168611747793
13783,0.9261226841557291
13784,0.447134068038189
13785,0.7308855955304979
13786,0.5483555147026153
13787,0.0388797758820456
13788,0.9999930071950011
13789,0.680713503139061
13790,0.10101674269918814
13791,0.1699687075113558
13792,0.9992823486525725
13793,0.9999978599651226
13794,0.01532042647267914
13795,0.06368619918834365
13796,0.9881985120854199
13797,0.946324053356532
13798,0.05800858248377095
13799,0.9957810416097195
13800,0.9986953133805314
13801,0.03201377357178252
13802,0.9997508647249751
13803,0.6846763268054192
13804,0.9998386084417888
13805,0.9955396358778026
13806,0.9999981410445944
13807,0.011826807811365357
13808,0.8272104898888577
13809,0.7125559968206091
13810,0.8457200294664518
13811,0.6339726870727961
13812,0.3251024283540439
13813,0.0002129092524813929
13814,0.9919613067287647
13815,0.009723092871966564
13816,0.9996968279454503
13817,0.9877971774370577
13818,0.6487858059947912
13819,0.827191176219032
13820,0.45823517274794007
13821,0.9976689384283957
13822,0.999990367263471
13823,0.003141158391678037
13824,0.1309344776732475
13825,0.02397801678812791
13826,0.30492964524967414
13827,0.9999999870827347
13828,0.7788851605782623
13829,0.9917935697233973
13830,0.01271280312500854
13831,0.9999544945696073
13832,0.041069741005355556
13833,0.08299240732122243
13834,0.956719011497399
13835,0.8795415813281159
13836,0.786127454760993
13837,0.940671830084881
13838,0.432120218341811
13839,0.25803655457072117
13840,0.9413557380530291
13841,0.000298890438452631
13842,0.38052208465271997
13843,0.1453206734999143
13844,0.9883630933420424
13845,0.5415628226357021
13846,0.009125078398798751
13847,0.004569033529975027
13848,0.0003123874880673921
13849,0.5501938232530994
13850,0.2254074657503885
13851,0.9999704444329348
13852,0.9983510753215263
13853,0.9879146791799976
13854,0.6937600241895866
13855,0.9978462067490281
13856,0.9989670872693798
13857,0.9993876393235847
13858,0.9984824045717916
13859,0.007640147157333186
13860,0.009803755059897118
13861,0.010899691101441818
13862,0.8561942980378288
13863,0.9938329944193067
13864,0.9152135415369554
13865,0.9821996682406031
13866,0.07239800931891983
13867,0.4860516271970496
13868,0.784460911297476
13869,0.9999996108542011
13870,0.9911495899418484
13871,0.9455945986126402
13872,0.9993539737476148
13873,0.06758443158744899
13874,0.9449400099050413
13875,0.9999999707182408
13876,0.9999931960411684
13877,0.8005922648535971
13878,0.9160784479573473
13879,0.07028493769567017
13880,0.9999991573214202
13881,0.9999999617046454
13882,0.9796979094371442
13883,0.12894607100910913
13884,0.0398247152516703
13885,0.9737060073524956
13886,0.8698725310536931
13887,0.0207902480030298
13888,0.9784334400294258
13889,0.020668947699308313
13890,0.299515368458287
13891,0.9830023068278326
13892,0.293447502510745
13893,0.015613390760035529
13894,0.989758575933063
13895,0.9899203743877991
13896,0.9519753441302077
13897,0.9779221691951989
13898,0.9535349539206636
13899,0.9945915929675897
13900,0.9953520142937615
13901,0.005203019687255021
13902,4.416009152916819e-05
13903,0.5047193857091974
13904,0.04062806912558193
13905,0.02264570153570459
13906,0.9998543369336905
13907,0.9746006873583298
13908,0.8853127762749761
13909,0.8614156870410642
13910,0.9969065817438573
13911,0.5739448085440041
13912,0.05599402410880743
13913,0.021371025829954225
13914,0.9998782410017911
13915,0.9879079985403554
13916,0.17140271667555249
13917,0.11879392826314629
13918,0.96506683788353
13919,0.9999999968158997
13920,0.9986083149481565
13921,0.18062277069057522
13922,0.9896944066382263
13923,0.08364269808751734
13924,0.9999940256945006
13925,0.9996633159110405
13926,0.9972329946924334
13927,0.008624071888651162
13928,0.9829314112603309
13929,0.015075204153766352
13930,0.28797310688146566
13931,0.8418558313829531
13932,0.999998680918486
13933,0.0067157301585777825
13934,0.9756980462283428
13935,0.25287585345267016
13936,0.07312564886696439
13937,0.9998973992600095
13938,0.003097331676465798
13939,0.0020812602045392316
13940,0.29692834783683864
13941,0.9973878292101424
13942,0.9916598491828159
13943,0.0005919576423077584
13944,0.6961107068604592
13945,0.5798788768658816
13946,0.9855438239075093
13947,0.13841730611447847
13948,0.9900527593129362
13949,0.0398505338579073
13950,0.04720616589338829
13951,0.7709628866565081
13952,0.0015871854142707022
13953,0.9999999999999989
13954,0.008452539999778009
13955,0.982793713887396
13956,0.9998410508321517
13957,0.12913627427507174
13958,0.9999736285943638
13959,0.0015293079723291791
13960,0.00904113625746935
13961,0.998057723820907
13962,0.004588582537774711
13963,0.4682769718447937
13964,0.8329279985517313
13965,0.9280530184586279
13966,0.4791539425807851
13967,0.9823594418558852
13968,0.06382936729029434
13969,0.2012823498345202
13970,0.18029998144695153
13971,0.8514608157591588
13972,0.5824541217980869
13973,0.36230895095820503
13974,0.2260570432607807
13975,0.9529826686787242
13976,0.000992459197731151
13977,0.9686039466509585
13978,0.9999790777129526
13979,0.8814526520786303
13980,0.5209047218296399
13981,5.315561625232317e-08
13982,0.9963590913691422
13983,0.997244861983703
13984,0.9973463628737539
13985,0.9990295562339278
13986,0.9999997976281009
13987,0.9592090769991771
13988,0.999996474886832
13989,0.9965025934746964
13990,0.8646755126093786
13991,0.5100670765700985
13992,0.0025287000080576757
13993,0.9997957334962226
13994,0.7743925290079012
13995,0.30695552398462783
13996,0.9437218006421253
13997,0.44169853136657733
13998,0.9478303379247729
13999,0.9849757791839899
14000,0.8513523809785372
14001,0.3409204424755785
14002,0.9861028032453967
14003,0.9940330896586376
14004,0.20590529167001156
14005,0.20088874293227904
14006,0.9986525967589357
14007,0.9926903527667477
14008,0.3177850527650824
14009,0.22830700491104197
14010,0.0036240783277808114
14011,0.9975586176858559
14012,0.04214615620939341
14013,0.7013717929954386
14014,0.9996097921766434
14015,0.9936515580025516
14016,0.9994507954966045
14017,0.007653081918434726
14018,0.39321222380666526
14019,0.9990081173325647
14020,0.007186921891525963
14021,0.6546232519283769
14022,0.3299262381573851
14023,0.06503555312845127
14024,0.7595414216788815
14025,0.11556235979111183
14026,0.0007093266262728075
14027,0.8441556204774673
14028,0.9878004049444943
14029,0.30147095626838727
14030,0.9973535039324726
14031,0.9892057452170754
14032,0.995995630038244
14033,0.6522624261050811
14034,0.19449169530454286
14035,0.9994529961675687
14036,0.9951794875239682
14037,0.7759750154885637
14038,0.523261291219812
14039,0.030084024583667515
14040,0.9913672955999657
14041,0.9998858331529542
14042,0.9745662807191041
14043,0.5192996018856639
14044,0.9993269307169592
14045,0.9947394421976326
14046,0.9999836139049458
14047,0.9650401440353659
14048,0.45649138792623895
14049,0.2765373458690598
14050,0.995175555797176
14051,0.9470137378455408
14052,0.9999891570744245
14053,0.99909811521073
14054,0.03806369024665259
14055,0.9999999999359059
14056,1.773612044483928e-05
14057,0.9925997834585135
14058,0.9979764788273163
14059,0.9600075423756718
14060,4.341771054719454e-06
14061,0.0506689047020862
14062,0.0018280609919990908
14063,0.8867753912691806
14064,0.9941832923408911
14065,0.1208833183926084
14066,0.9946375918188318
14067,0.06267916607814204
14068,0.987287450385166
14069,0.8627821945508524
14070,0.4059630937253456
14071,0.9989136699550775
14072,0.9715730372239463
14073,0.09001294361965413
14074,0.46013226526082635
14075,0.9543149476810479
14076,0.8052351226274161
14077,0.0052114995217112554
14078,0.021818801049430354
14079,0.8934951712661527
14080,0.4079838414376763
14081,0.9937955707534478
14082,0.9748176590307444
14083,0.5171032214891472
14084,0.9291005936402177
14085,0.9737582992954201
14086,0.1524826942247511
14087,0.9915923954778276
14088,0.9998177550956845
14089,0.00017707018338379912
14090,0.9756803506766728
14091,0.9930283322265461
14092,0.973318783266547
14093,0.46571991161584236
14094,0.007280154818462572
14095,0.9907044835321053
14096,0.9883663543051124
14097,0.005137052689045908
14098,0.023578869312861978
14099,0.999849050251798
14100,0.665245844303283
14101,0.29681616194189264
14102,0.4758068380721319
14103,0.8817536744479751
14104,0.9677754561309091
14105,0.0017452863502187101
14106,0.9860876992934219
14107,0.8254814545153142
14108,0.9978180319802122
14109,0.9559236703769055
14110,0.9599405449796324
14111,0.060459881516695554
14112,0.00023743507003618478
14113,0.06463322850903397
14114,0.9819109144316829
14115,0.9970967964123448
14116,0.032013337165177944
14117,0.5916805877518407
14118,0.42877549983997354
14119,0.9957078909184568
14120,0.9830963771997888
14121,0.4957802632042168
14122,0.6785812389431755
14123,0.9986391265529142
14124,0.9360396321947859
14125,0.1053468960734889
14126,0.9883908077713274
14127,0.006951745641427272
14128,0.9394058885128753
14129,0.9713575288944418
14130,0.000689078371418544
14131,0.9468691239622087
14132,0.983911440321776
14133,0.9456708491194026
14134,0.9941862593352573
14135,0.6485581785970388
14136,0.9999967736443989
14137,0.9985267352895587
14138,0.7647480485271855
14139,0.7003538372481716
14140,0.9999360467898605
14141,0.9990223506348448
14142,0.9781455395383635
14143,0.9861006591300976
14144,0.9264584704770314
14145,0.9999994227700114
14146,0.9999898639949376
14147,0.9669230898848483
14148,6.681007682839147e-08
14149,0.9876495245693282
14150,0.639199783260183
14151,0.5678704841352962
14152,0.007599671107141066
14153,0.03435932984549277
14154,0.009641959091469518
14155,0.9849117547031084
14156,0.28151530701821975
14157,0.7968297766190516
14158,0.9988756807067701
14159,0.40362444444348866
14160,0.23596658956979294
14161,0.6760300098764163
14162,0.9868241515791865
14163,0.7690294596126006
14164,0.9111450341586562
14165,0.06451368380644903
14166,0.9723352785883616
14167,0.999908361064388
14168,0.9553554789652857
14169,0.044025588133441075
14170,0.9999434919943839
14171,0.6655062630851404
14172,0.9742107257283047
14173,0.9980892696101744
14174,0.900723334748162
14175,0.80719287749887
14176,0.634691386961826
14177,0.8610480910707018
14178,0.01179403912062433
14179,0.794471755660518
14180,0.9998439766236679
14181,0.8745624123844495
14182,0.001130752169471734
14183,0.8833654868744532
14184,0.9836395939826383
14185,0.896463246958869
14186,0.9997814927920795
14187,0.09139908125943515
14188,0.0747225010581725
14189,0.8611368285082157
14190,0.9999991549302925
14191,0.5090323659477467
14192,0.280313032691394
14193,0.8510010597833155
14194,0.7390320181460497
14195,0.15683903791939877
14196,0.986999903234274
14197,0.9814984331169821
14198,0.622563740543045
14199,0.3676080060513921
14200,0.49439687927898807
14201,0.9997769923670092
14202,0.16391673421142866
14203,0.36862843051902794
14204,0.9983176635592239
14205,0.008361009691464699
14206,0.9988803943838234
14207,0.7074450513820701
14208,0.022370059057236658
14209,0.9992984852385216
14210,0.9930002414700195
14211,0.9999999974438496
14212,0.9999986119131424
14213,0.9998744111693736
14214,0.1665738313759338
14215,0.6916131299808295
14216,0.9779316756648305
14217,0.7838313803952331
14218,0.977491420678127
14219,0.9958233782195013
14220,0.035831315594667824
14221,0.9996660377227055
14222,0.005608638945416794
14223,0.19916535619969747
14224,0.9999889305669317
14225,0.780919627665218
14226,0.3539532141876466
14227,0.026238101764481717
14228,0.8646775990705461
14229,0.7302374042559958
14230,0.0029811776688241625
14231,0.9802758645592596
14232,0.988531130548461
14233,0.9743352839489824
14234,0.989637985842513
14235,0.0005892899293447056
14236,0.9652086989885972
14237,0.9993102981240177
14238,0.9966845260630737
14239,0.999912582578263
14240,0.9991896828649833
14241,0.9995464569805209
14242,0.33016203394059673
14243,0.7834275094951627
14244,0.9887167639726312
14245,0.011913418808677398
14246,0.9412965244474804
14247,0.11358288596633315
14248,0.06571971933836873
14249,0.9566038846482625
14250,0.09172245160805652
14251,0.9446516980931319
14252,0.29177776921071136
14253,0.9855475352271714
14254,0.9999530269326735
14255,0.9990825728401743
14256,0.9996861358382602
14257,0.9973626748335528
14258,0.2841974219810995
14259,0.1730934618552628
14260,0.8071340943053043
14261,0.06078272411507605
14262,0.013763025721533118
14263,0.16216628188972063
14264,0.028844433362417904
14265,0.9695365388220164
14266,0.9914500359427776
14267,0.5616110587624706
14268,0.889678903601061
14269,0.2460464476636566
14270,0.9998586282441174
14271,0.850975090583673
14272,0.9915176087371987
14273,0.9841948581100094
14274,0.03858902980422132
14275,0.15617019467203924
14276,0.99981794094126
14277,0.1798113731854073
14278,0.9987641657286827
14279,0.8660921518809975
14280,0.9998036773390566
14281,0.9014307353037867
14282,0.005190301926604736
14283,0.3847538294395075
14284,0.8838546447859906
14285,0.9916794386370954
14286,0.5998995719144826
14287,0.013920825932784531
14288,0.999947800705267
14289,0.7145646148358074
14290,0.8291626300769664
14291,0.8294323550511966
14292,0.9999998622642067
14293,0.5145785646985458
14294,0.9999999685227955
14295,0.991684626455766
14296,0.9999435015961207
14297,0.9999870604608232
14298,0.00032631736685756376
14299,0.967983942410314
14300,0.9984771841704434
14301,0.9906943671520516
14302,0.3418540427250009
14303,0.09168968960208096
14304,0.9999999999964402
14305,0.0006968783104632575
14306,0.5924190217082271
14307,0.8340556770364022
14308,0.07845991505875397
14309,0.026656550416727116
14310,0.05656916196792244
14311,0.9279974286705809
14312,0.9986334822174999
14313,0.16262158698364648
14314,0.9993888565285171
14315,0.029497351794902267
14316,0.4302558570864079
14317,0.4027553286163224
14318,0.993975955597579
14319,0.9900992009030273
14320,0.13101782676980944
14321,0.9927307152318956
14322,0.5933623531200717
14323,0.9265253052455513
14324,0.8367050641498988
14325,0.0079216645928492
14326,0.0004154140678685723
14327,0.5451209223194192
14328,0.9187631931297461
14329,0.23433370368256398
14330,0.9833017713511142
14331,0.15435725369254122
14332,0.9705845006508022
14333,0.9872973550439663
14334,0.999979231475755
14335,0.9141945677942307
14336,0.980970554927157
14337,0.999881705234669
14338,0.5056040338798763
14339,0.9938098759891661
14340,0.9999427315776407
14341,0.00016642548230375937
14342,0.005917594805539891
14343,0.17501383563384468
14344,0.035266707310537465
14345,0.03451317999279069
14346,3.1894290108493016e-06
14347,0.9403659729671464
14348,0.999974442935044
14349,0.17701838281069068
14350,0.9846139340943687
14351,0.9954213579491755
14352,0.07299853809357683
14353,0.9999999944285392
14354,0.010530275326029933
14355,0.9944949728884243
14356,0.04065055876247824
14357,0.939026439286915
14358,0.9967074973012259
14359,0.36182219783521097
14360,0.018297216102305818
14361,0.858440330554518
14362,0.26936194514079387
14363,0.9241226973293575
14364,3.56549153498067e-05
14365,0.7536409490774624
14366,0.973710122697921
14367,0.9999999863927438
14368,0.4399254733276922
14369,0.0033626557730704193
14370,0.04941306389346443
14371,0.874089266893068
14372,0.03144081589935225
14373,0.9880002376628177
14374,0.9428651884444254
14375,0.9999999998146887
14376,0.9798701186848016
14377,0.9986990722738015
14378,0.3456962121721244
14379,0.9705878001673726
14380,0.754187735264064
14381,0.926506163192068
14382,0.006606255393947307
14383,0.04964575116727146
14384,0.9726290967745324
14385,0.9997690271328472
14386,0.06395970121003633
14387,0.24954761724637667
14388,0.0034974498953139724
14389,0.40374599441188935
14390,0.328508095575305
14391,0.22606682457084054
14392,0.9994961922096555
14393,0.973656853843453
14394,0.9796174912774605
14395,0.9200192050295585
14396,0.9913966589361386
14397,0.9809818292892052
14398,0.022265309055297725
14399,0.99503321933457
14400,0.10248372624142245
14401,0.9929716202646811
14402,0.8781970975773887
14403,0.9999879396983046
14404,0.00425330143559547
14405,0.9720033436544766
14406,0.10902148717508209
14407,0.986851315237872
14408,0.999828703896947
14409,0.9887209188591506
14410,0.9671130301288211
14411,0.9972146565437208
14412,0.9451098407991028
14413,0.998559886885553
14414,0.7758021850444461
14415,0.9990125468428065
14416,0.08809714575756442
14417,0.9995994479645446
14418,0.17358699117566204
14419,0.9999999697377595
14420,0.0011306090028693659
14421,0.013248674822189551
14422,0.5375613582328742
14423,0.9999993972761236
14424,0.25415005506653
14425,0.9942259002317768
14426,0.22469444027950725
14427,0.02760839194276021
14428,0.08179992005647316
14429,0.9999963654484717
14430,0.999977210170338
14431,0.011853216418298026
14432,0.945355433325774
14433,0.9991480569786423
14434,0.9892819414909173
14435,0.9843339423137059
14436,0.9844286145655949
14437,0.5331801676712671
14438,0.9996399854349219
14439,0.9999852382906207
14440,0.06977251890076105
14441,0.8172082146657473
14442,0.8737514275876526
14443,0.0349614447703506
14444,0.6607047673891387
14445,0.8541834753521151
14446,0.4423136564948847
14447,0.7038380050352442
14448,0.0878569254166215
14449,0.01262585849669704
14450,0.049228697760186034
14451,0.9947394198516438
14452,0.8897216162215968
14453,0.9993907500739098
14454,0.9921058004693606
14455,0.9996719039443845
14456,0.6286470822165628
14457,0.9227563464975076
14458,0.9953193279923319
14459,0.9200860497003015
14460,0.7305600224145908
14461,0.986163297870515
14462,0.9993857233094114
14463,0.000903800084884253
14464,0.5981009641438
14465,0.9902378981052511
14466,0.30980480721308395
14467,0.9999979428312435
14468,0.011864010274064807
14469,0.9966050497560089
14470,0.9999830950608322
14471,0.974747915164449
14472,0.19196839138755858
14473,0.9328267779887999
14474,0.01873107707751161
14475,0.9812722674549907
14476,0.7781157312633552
14477,0.5622715441809286
14478,0.8024511520230286
14479,0.9645755434002389
14480,0.9944015246042397
14481,0.003748597511318376
14482,0.6539307119454736
14483,0.9999989508812974
14484,0.00820606823420457
14485,0.9907940332873315
14486,0.9999999364716223
14487,0.019146231547875252
14488,0.9857214365322482
14489,0.9999596781697618
14490,0.5918995884923068
14491,0.999809624078253
14492,0.9804320463472518
14493,0.999088079715233
14494,0.08452503817374633
14495,0.9999202886093099
14496,0.8919639180597376
14497,0.8089523144281826
14498,0.1944986452994892
14499,0.9540448706445886
14500,0.9999705863119129
14501,0.019807285296388963
14502,0.07451485062443956
14503,0.717883983776849
14504,0.09304082705171221
14505,0.9046117312489316
14506,0.9142112156227372
14507,0.9191393868928216
14508,0.19089394191528927
14509,0.9999968680482557
14510,0.970618682627379
14511,0.06935967137199128
14512,0.9887621212810387
14513,0.0010194217405688996
14514,0.016483759924214268
14515,0.9947201206116025
14516,0.9884235242476124
14517,0.9998858310999599
14518,0.20880183355517473
14519,0.9544089969277205
14520,0.9620787457163347
14521,0.999100953697027
14522,0.8253951363731142
14523,0.005821186250105383
14524,0.002380690975958734
14525,0.9980197378631914
14526,0.9851712706531195
14527,0.8505665330919204
14528,0.9912994883486527
14529,0.9977629436767202
14530,0.010862238139828107
14531,0.03275385617495983
14532,0.0964223893069067
14533,0.839599367588771
14534,0.9998203520293791
14535,0.016491792990198505
14536,0.9729812673939672
14537,0.0009292727077431116
14538,0.999999143570533
14539,0.3665674091434555
14540,0.9999844390813227
14541,0.9791834580969304
14542,0.9999255371388986
14543,0.6250677865597222
14544,0.07353127039725899
14545,0.9769625790146103
14546,0.9719239138172994
14547,0.9742947570106274
14548,0.9061576515057478
14549,0.9857349838983411
14550,0.019815210992620673
14551,0.9829610262176612
14552,0.10885639271929576
14553,0.9999654478154338
14554,0.9999788347075828
14555,0.9876946563832224
14556,0.8943680521614837
14557,0.9545986504281581
14558,0.9994600662540061
14559,0.022858274452799407
14560,0.9973691767156141
14561,0.9783907901624469
14562,0.023436227698984076
14563,0.2846096611741522
14564,0.8854680137170238
14565,0.5347574969883494
14566,0.14227650070039194
14567,0.29151202517339003
14568,0.9999998074734435
14569,0.007549390419363536
14570,0.12076641891302864
14571,0.9347186505320263
14572,0.9853386458083905
14573,0.9999995872224837
14574,0.6828064921685885
14575,0.08573142489581315
14576,0.9999618040734521
14577,0.8918744693882609
14578,0.9964183383714657
14579,0.24045136044131202
14580,0.6042151122630476
14581,0.9693701964002456
14582,0.9999934945986099
14583,0.8558915117180471
14584,0.9928297915054005
14585,0.9999992873919692
14586,0.9541116915784228
14587,0.9999428304909492
14588,0.9737141850581987
14589,0.7453673194873294
